course_code,course_name,section_number,course_type,course_hours,course_gender,course_day,course_time,final_exam_day,final_exam_date,final_exam_time,lecturer
254 ريض,الطرائق العددية,5582,محاضرة,3,ذكر,['135'],['08:00-09:05'],5,1444-12-04,01:00 م - 04:00 م,['رضوان بوت']
254 ريض,الطرائق العددية,20499,تمارين,ذكر,مفتوحة,"['1', '1']","['06:30-07:35', '07:45-08:50']",---,---,---,['لم يحدد من الكلية']
254 ريض,الطرائق العددية,81601,محاضرة,3,ذكر,['135'],['09:15-10:20'],5,1444-12-04,01:00 م - 04:00 م,['رضوان بوت']
254 ريض,الطرائق العددية,81602,تمارين,ذكر,مفتوحة,"['1', '1']","['01:30-02:35', '02:45-03:50']",---,---,---,['لم يحدد من الكلية']
254 ريض,الطرائق العددية,81603,محاضرة,3,ذكر,['135'],['10:30-11:35'],5,1444-12-04,01:00 م - 04:00 م,['محمد بن حمده عبدالواحد']
254 ريض,الطرائق العددية,81604,تمارين,ذكر,مفتوحة,"['5', '5']","['01:30-02:35', '02:45-03:50']",---,---,---,['لم يحدد من الكلية']
254 ريض,الطرائق العددية,82438,محاضرة,3,ذكر,"['2', '2', '4']","['08:00-09:05', '09:15-10:20', '09:15-10:20']",5,1444-12-04,01:00 م - 04:00 م,['عبدالرحمن مساعد سعيد الزهرانى']
254 ريض,الطرائق العددية,82439,تمارين,ذكر,مفتوحة,"['3', '3']","['04:00-05:05', '05:15-06:20']",---,---,---,['لم يحدد من الكلية']
254 ريض,الطرائق العددية,82440,محاضرة,3,ذكر,"['24', '2']","['10:30-11:35', '11:45-12:50']",5,1444-12-04,01:00 م - 04:00 م,['شاه محمد ديل كبير']
254 ريض,الطرائق العددية,82441,تمارين,ذكر,مفتوحة,"['3', '3']","['04:00-05:05', '05:15-06:20']",---,---,---,['لم يحدد من الكلية']
254 ريض,الطرائق العددية,82442,محاضرة,3,ذكر,['135'],['11:45-12:50'],5,1444-12-04,01:00 م - 04:00 م,['محمد بن حمده عبدالواحد']
254 ريض,الطرائق العددية,82443,تمارين,ذكر,مفتوحة,"['3', '3']","['04:00-05:05', '05:15-06:20']",---,---,---,['لم يحدد من الكلية']
254 ريض,الطرائق العددية,82734,محاضرة,3,ذكر,['135'],['02:45-03:50'],5,1444-12-04,01:00 م - 04:00 م,['رضوان بوت']
254 ريض,الطرائق العددية,82735,تمارين,ذكر,مفتوحة,"['4', '4']","['04:00-05:05', '05:15-06:20']",---,---,---,['لم يحدد من الكلية']
254 ريض,الطرائق العددية,87118,محاضرة,3,ذكر,['135'],['10:30-11:35'],5,1444-12-04,01:00 م - 04:00 م,['رضوان بوت']
254 ريض,الطرائق العددية,87119,تمارين,ذكر,مفتوحة,"['5', '5']","['01:30-02:35', '02:45-03:50']",---,---,---,['لم يحدد من الكلية']
227 عال,نظم التشغيل,12320,محاضرة,3,ذكر,"['2', '24']","['08:00-09:05', '09:15-10:20']",3,1444-11-24,01:00 م - 04:00 م,['مجدل سلطان مجدل بن سفران']
227 عال,نظم التشغيل,12321,تمارين,ذكر,مفتوحة,['4'],['08:00-09:05'],---,---,---,['مجدل سلطان مجدل بن سفران']
227 عال,نظم التشغيل,12328,محاضرة,3,ذكر,"['1', '13']","['08:00-09:05', '09:15-10:20']",3,1444-11-24,01:00 م - 04:00 م,['محمد جاويد يوسف']
227 عال,نظم التشغيل,12329,تمارين,ذكر,مفتوحة,['3'],['08:00-09:05'],---,---,---,['محمد جاويد يوسف']
227 عال,نظم التشغيل,35605,محاضرة,3,ذكر,"['4', '24']","['08:00-09:05', '09:15-10:20']",3,1444-11-24,01:00 م - 04:00 م,['فواز عبدالعزيز عبدالله السليمان']
227 عال,نظم التشغيل,35606,تمارين,ذكر,مفتوحة,['2'],['08:00-09:05'],---,---,---,['محمد جاويد يوسف']
227 عال,نظم التشغيل,81787,محاضرة,3,ذكر,['135'],['09:15-10:20'],3,1444-11-24,01:00 م - 04:00 م,['لم يحدد من الكلية']
227 عال,نظم التشغيل,81788,تمارين,ذكر,مغلقة,['3'],['11:45-12:50'],---,---,---,['لم يحدد من الكلية']
227 عال,نظم التشغيل,81901,محاضرة,3,ذكر,"['2', '24']","['10:30-11:35', '11:45-12:50']",3,1444-11-24,01:00 م - 04:00 م,['فواز عبدالعزيز عبدالله السليمان']
227 عال,نظم التشغيل,81902,تمارين,ذكر,مفتوحة,['4'],['10:30-11:35'],---,---,---,['محمد جاويد يوسف']
227 عال,نظم التشغيل,85788,محاضرة,3,ذكر,"['24', '4']","['10:30-11:35', '11:45-12:50']",3,1444-11-24,01:00 م - 04:00 م,['مجدل سلطان مجدل بن سفران']
227 عال,نظم التشغيل,85789,تمارين,ذكر,مفتوحة,['2'],['11:45-12:50'],---,---,---,['مجدل سلطان مجدل بن سفران']
227 عال,نظم التشغيل,85790,محاضرة,3,ذكر,['135'],['10:30-11:35'],3,1444-11-24,01:00 م - 04:00 م,['محمد جاويد يوسف']
227 عال,نظم التشغيل,85791,تمارين,ذكر,مفتوحة,['3'],['11:45-12:50'],---,---,---,['محمد جاويد يوسف']
103 فيز,فيزياء عامة (1),20134,محاضرة,4,ذكر,['135'],['08:00-09:05'],2,1444-11-23,08:00 ص - 11:00 ص,['مشعل عبيد صنت الحربى']
103 فيز,فيزياء عامة (1),74082,عملي,ذكر,مفتوحة,"['4', '4']","['10:30-11:35', '11:45-12:50']",---,---,---,['لم يحدد من الكلية']
103 فيز,فيزياء عامة (1),20135,عملي,ذكر,مفتوحة,"['4', '4']","['10:30-11:35', '11:45-12:50']",---,---,---,['لم يحدد من الكلية']
103 فيز,فيزياء عامة (1),81605,محاضرة,4,ذكر,['135'],['09:15-10:20'],2,1444-11-23,08:00 ص - 11:00 ص,['مشعل عبيد صنت الحربى']
103 فيز,فيزياء عامة (1),81606,عملي,ذكر,مفتوحة,"['4', '4']","['08:00-09:05', '09:15-10:20']",---,---,---,['لم يحدد من الكلية']
103 فيز,فيزياء عامة (1),81607,عملي,ذكر,مفتوحة,"['4', '4']","['08:00-09:05', '09:15-10:20']",---,---,---,['لم يحدد من الكلية']
103 فيز,فيزياء عامة (1),81608,محاضرة,4,ذكر,['135'],['10:30-11:35'],2,1444-11-23,08:00 ص - 11:00 ص,['مشعل عبيد صنت الحربى']
103 فيز,فيزياء عامة (1),81610,عملي,ذكر,مفتوحة,"['2', '2']","['10:30-11:35', '11:45-12:50']",---,---,---,['لم يحدد من الكلية']
103 فيز,فيزياء عامة (1),81609,عملي,ذكر,مفتوحة,"['2', '2']","['10:30-11:35', '11:45-12:50']",---,---,---,['لم يحدد من الكلية']
103 فيز,فيزياء عامة (1),81611,محاضرة,4,ذكر,['135'],['11:45-12:50'],2,1444-11-23,08:00 ص - 11:00 ص,['زياد احمد على الاحمد']
103 فيز,فيزياء عامة (1),81612,عملي,ذكر,مفتوحة,"['4', '4']","['10:30-11:35', '11:45-12:50']",---,---,---,['لم يحدد من الكلية']
103 فيز,فيزياء عامة (1),81613,عملي,ذكر,مفتوحة,"['4', '4']","['10:30-11:35', '11:45-12:50']",---,---,---,['لم يحدد من الكلية']
103 فيز,فيزياء عامة (1),81614,محاضرة,4,ذكر,['135'],['09:15-10:20'],2,1444-11-23,08:00 ص - 11:00 ص,['عبدالله محمد على الزير']
103 فيز,فيزياء عامة (1),81615,عملي,ذكر,مفتوحة,"['3', '3']","['01:30-02:35', '02:45-03:50']",---,---,---,['لم يحدد من الكلية']
103 فيز,فيزياء عامة (1),81616,عملي,ذكر,مفتوحة,"['3', '3']","['01:30-02:35', '02:45-03:50']",---,---,---,['لم يحدد من الكلية']
103 فيز,فيزياء عامة (1),82634,محاضرة,4,ذكر,['135'],['08:00-09:05'],2,1444-11-23,08:00 ص - 11:00 ص,['سعد علي عبدالله القرنى']
103 فيز,فيزياء عامة (1),82636,عملي,ذكر,مفتوحة,"['2', '2']","['01:30-02:35', '02:45-03:50']",---,---,---,['لم يحدد من الكلية']
103 فيز,فيزياء عامة (1),82635,عملي,ذكر,مفتوحة,"['2', '2']","['01:30-02:35', '02:45-03:50']",---,---,---,['لم يحدد من الكلية']
103 فيز,فيزياء عامة (1),82637,محاضرة,4,ذكر,"['35', '1']","['09:15-10:20', '09:15-10:20']",2,1444-11-23,08:00 ص - 11:00 ص,['سعد علي عبدالله القرنى']
103 فيز,فيزياء عامة (1),82639,عملي,ذكر,مفتوحة,"['4', '4']","['01:30-02:35', '02:45-03:50']",---,---,---,['لم يحدد من الكلية']
103 فيز,فيزياء عامة (1),82638,عملي,ذكر,مفتوحة,"['4', '4']","['01:30-02:35', '02:45-03:50']",---,---,---,['لم يحدد من الكلية']
103 فيز,فيزياء عامة (1),82640,محاضرة,4,ذكر,['135'],['10:30-11:35'],2,1444-11-23,08:00 ص - 11:00 ص,['زياد احمد على الاحمد']
103 فيز,فيزياء عامة (1),82642,عملي,ذكر,مفتوحة,"['4', '4']","['10:30-11:35', '11:45-12:50']",---,---,---,['لم يحدد من الكلية']
103 فيز,فيزياء عامة (1),82641,عملي,ذكر,مفتوحة,"['4', '4']","['10:30-11:35', '11:45-12:50']",---,---,---,['لم يحدد من الكلية']
103 فيز,فيزياء عامة (1),82643,محاضرة,4,ذكر,['135'],['10:30-11:35'],2,1444-11-23,08:00 ص - 11:00 ص,['محمد سليمان عائد العائد']
103 فيز,فيزياء عامة (1),82644,عملي,ذكر,مفتوحة,"['3', '3']","['01:30-02:35', '02:45-03:50']",---,---,---,['لم يحدد من الكلية']
103 فيز,فيزياء عامة (1),82645,عملي,ذكر,مفتوحة,"['2', '2']","['10:30-11:35', '11:45-12:50']",---,---,---,['لم يحدد من الكلية']
103 فيز,فيزياء عامة (1),82646,محاضرة,4,ذكر,['135'],['11:45-12:50'],2,1444-11-23,08:00 ص - 11:00 ص,['ناصر صالح على الزايد']
103 فيز,فيزياء عامة (1),82648,عملي,ذكر,مفتوحة,"['4', '4']","['10:30-11:35', '11:45-12:50']",---,---,---,['لم يحدد من الكلية']
103 فيز,فيزياء عامة (1),82647,عملي,ذكر,مفتوحة,"['1', '1']","['01:30-02:35', '02:45-03:50']",---,---,---,['لم يحدد من الكلية']
103 فيز,فيزياء عامة (1),82649,محاضرة,4,ذكر,['135'],['09:15-10:20'],2,1444-11-23,08:00 ص - 11:00 ص,['محمد سليمان عائد العائد']
103 فيز,فيزياء عامة (1),82650,عملي,ذكر,مفتوحة,"['5', '5']","['01:30-02:35', '02:45-03:50']",---,---,---,['لم يحدد من الكلية']
103 فيز,فيزياء عامة (1),82651,عملي,ذكر,مفتوحة,"['2', '2']","['01:30-02:35', '02:45-03:50']",---,---,---,['لم يحدد من الكلية']
103 فيز,فيزياء عامة (1),83656,محاضرة,4,ذكر,['135'],['08:00-09:05'],2,1444-11-23,08:00 ص - 11:00 ص,['عمر مرزوق محمد الدوسرى']
103 فيز,فيزياء عامة (1),83658,عملي,ذكر,مفتوحة,"['2', '2']","['01:30-02:35', '02:45-03:50']",---,---,---,['لم يحدد من الكلية']
103 فيز,فيزياء عامة (1),83657,عملي,ذكر,مفتوحة,"['2', '2']","['01:30-02:35', '02:45-03:50']",---,---,---,['لم يحدد من الكلية']
203 ريض,حساب التفاضل والتكامل,5487,محاضرة,3,ذكر,['135'],['09:15-10:20'],4,1444-11-25,08:00 ص - 11:00 ص,['مسعود بونخل']
203 ريض,حساب التفاضل والتكامل,5490,تمارين,ذكر,مفتوحة,"['3', '3']","['01:30-02:35', '02:45-03:50']",---,---,---,['لم يحدد من الكلية']
203 ريض,حساب التفاضل والتكامل,81625,محاضرة,3,ذكر,['135'],['08:00-09:05'],4,1444-11-25,08:00 ص - 11:00 ص,['احمد عبدالحى احمد جلو']
203 ريض,حساب التفاضل والتكامل,81626,تمارين,ذكر,مفتوحة,"['1', '1']","['01:30-02:35', '02:45-03:50']",---,---,---,['لم يحدد من الكلية']
203 ريض,حساب التفاضل والتكامل,81627,محاضرة,3,ذكر,['135'],['08:00-09:05'],4,1444-11-25,08:00 ص - 11:00 ص,['شعلان سعد سعيد القرنى']
203 ريض,حساب التفاضل والتكامل,81628,تمارين,ذكر,مفتوحة,"['5', '5']","['01:30-02:35', '02:45-03:50']",---,---,---,['لم يحدد من الكلية']
203 ريض,حساب التفاضل والتكامل,81629,محاضرة,3,ذكر,['135'],['01:30-02:35'],4,1444-11-25,08:00 ص - 11:00 ص,['محفوظ عالم']
203 ريض,حساب التفاضل والتكامل,81630,تمارين,ذكر,مفتوحة,"['2', '2']","['08:00-09:05', '09:15-10:20']",---,---,---,['لم يحدد من الكلية']
203 ريض,حساب التفاضل والتكامل,81631,محاضرة,3,ذكر,['135'],['09:15-10:20'],4,1444-11-25,08:00 ص - 11:00 ص,['احمد عبدالحى احمد جلو']
203 ريض,حساب التفاضل والتكامل,81632,تمارين,ذكر,مفتوحة,"['5', '5']","['04:00-05:05', '05:15-06:20']",---,---,---,['لم يحدد من الكلية']
203 ريض,حساب التفاضل والتكامل,84928,محاضرة,3,ذكر,['135'],['08:00-09:05'],4,1444-11-25,08:00 ص - 11:00 ص,['شايع وقيان زيد الدوسري']
203 ريض,حساب التفاضل والتكامل,84929,تمارين,ذكر,مفتوحة,"['5', '5']","['04:00-05:05', '05:15-06:20']",---,---,---,['لم يحدد من الكلية']
203 ريض,حساب التفاضل والتكامل,85586,محاضرة,3,ذكر,['135'],['10:30-11:35'],4,1444-11-25,08:00 ص - 11:00 ص,['عبداللطيف لعراجى']
203 ريض,حساب التفاضل والتكامل,85587,تمارين,ذكر,مفتوحة,"['2', '2']","['08:00-09:05', '09:15-10:20']",---,---,---,['لم يحدد من الكلية']
203 ريض,حساب التفاضل والتكامل,85588,محاضرة,3,ذكر,['135'],['11:45-12:50'],4,1444-11-25,08:00 ص - 11:00 ص,['محفوظ عالم']
203 ريض,حساب التفاضل والتكامل,85589,تمارين,ذكر,مفتوحة,"['2', '2']","['10:30-11:35', '11:45-12:50']",---,---,---,['لم يحدد من الكلية']
203 ريض,حساب التفاضل والتكامل,85590,محاضرة,3,ذكر,['135'],['01:30-02:35'],4,1444-11-25,08:00 ص - 11:00 ص,['شريف صادق دشموخ']
203 ريض,حساب التفاضل والتكامل,85591,تمارين,ذكر,مفتوحة,"['4', '4']","['08:00-09:05', '09:15-10:20']",---,---,---,['لم يحدد من الكلية']
203 ريض,حساب التفاضل والتكامل,85592,محاضرة,3,ذكر,['135'],['02:45-03:50'],4,1444-11-25,08:00 ص - 11:00 ص,['محفوظ عالم']
203 ريض,حساب التفاضل والتكامل,85593,تمارين,ذكر,مفتوحة,"['4', '4']","['10:30-11:35', '11:45-12:50']",---,---,---,['لم يحدد من الكلية']
203 ريض,حساب التفاضل والتكامل,85594,محاضرة,3,ذكر,"['2', '24']","['08:00-09:05', '09:15-10:20']",4,1444-11-25,08:00 ص - 11:00 ص,['مصطفى - - بشر']
203 ريض,حساب التفاضل والتكامل,85595,تمارين,ذكر,مفتوحة,"['4', '4']","['10:30-11:35', '11:45-12:50']",---,---,---,['لم يحدد من الكلية']
203 ريض,حساب التفاضل والتكامل,85596,محاضرة,3,ذكر,"['24', '2']","['10:30-11:35', '11:45-12:50']",4,1444-11-25,08:00 ص - 11:00 ص,['مصطفى - - بشر']
203 ريض,حساب التفاضل والتكامل,85597,تمارين,ذكر,مفتوحة,"['4', '4']","['08:00-09:05', '09:15-10:20']",---,---,---,['لم يحدد من الكلية']
203 ريض,حساب التفاضل والتكامل,85598,محاضرة,3,ذكر,['135'],['01:30-02:35'],4,1444-11-25,08:00 ص - 11:00 ص,['عبداللطيف لعراجى']
203 ريض,حساب التفاضل والتكامل,85599,تمارين,ذكر,مفتوحة,"['4', '4']","['08:00-09:05', '09:15-10:20']",---,---,---,['لم يحدد من الكلية']
203 ريض,حساب التفاضل والتكامل,85600,محاضرة,3,ذكر,['135'],['02:45-03:50'],4,1444-11-25,08:00 ص - 11:00 ص,['لم يحدد من الكلية']
203 ريض,حساب التفاضل والتكامل,85601,تمارين,ذكر,مفتوحة,"['4', '4']","['10:30-11:35', '11:45-12:50']",---,---,---,['لم يحدد من الكلية']
203 ريض,حساب التفاضل والتكامل,85602,محاضرة,3,ذكر,"['4', '24']","['08:00-09:05', '09:15-10:20']",4,1444-11-25,08:00 ص - 11:00 ص,['لم يحدد من الكلية']
203 ريض,حساب التفاضل والتكامل,85603,تمارين,ذكر,مفتوحة,"['2', '2']","['10:30-11:35', '11:45-12:50']",---,---,---,['لم يحدد من الكلية']
203 ريض,حساب التفاضل والتكامل,85604,محاضرة,3,ذكر,"['24', '4']","['10:30-11:35', '11:45-12:50']",4,1444-11-25,08:00 ص - 11:00 ص,['لم يحدد من الكلية']
203 ريض,حساب التفاضل والتكامل,85605,تمارين,ذكر,مفتوحة,"['2', '2']","['08:00-09:05', '09:15-10:20']",---,---,---,['لم يحدد من الكلية']
101 كيح,كيمياء حيوية عامة,4165,محاضرة,4,ذكر,['135'],['11:45-12:50'],3,1444-11-24,01:00 م - 04:00 م,['خالد عبدالرحمن منصور الحميميدي']
101 كيح,كيمياء حيوية عامة,4168,عملي,ذكر,مفتوحة,"['4', '4']","['10:30-11:35', '11:45-12:50']",---,---,---,['عبدالغني عبدالاله عبدالغني بن نفيسه']
101 كيح,كيمياء حيوية عامة,72819,عملي,ذكر,مفتوحة,"['4', '4']","['10:30-11:35', '11:45-12:50']",---,---,---,['فهد عبدالرحمن حمد بن شاهين']
101 كيح,كيمياء حيوية عامة,82060,محاضرة,4,ذكر,['135'],['08:00-09:05'],3,1444-11-24,01:00 م - 04:00 م,['عبدالعزيز محمد عبدالرحمن العمرى']
101 كيح,كيمياء حيوية عامة,82061,عملي,ذكر,مفتوحة,"['5', '5']","['10:30-11:35', '11:45-12:50']",---,---,---,['عبدالله بن عبدالرحمن بن عبدالله الضويلع']
101 كيح,كيمياء حيوية عامة,82062,عملي,ذكر,مفتوحة,"['5', '5']","['10:30-11:35', '11:45-12:50']",---,---,---,['عبدالعزيز بن عبدالله بن محمد ال الدهيس العمري']
101 كيح,كيمياء حيوية عامة,82123,محاضرة,4,ذكر,['135'],['10:30-11:35'],3,1444-11-24,01:00 م - 04:00 م,['محمد سمير عبدالعزيز الربع']
101 كيح,كيمياء حيوية عامة,82125,عملي,ذكر,مفتوحة,"['2', '2']","['10:30-11:35', '11:45-12:50']",---,---,---,['عبدالغني عبدالاله عبدالغني بن نفيسه']
101 كيح,كيمياء حيوية عامة,82124,عملي,ذكر,مفتوحة,"['2', '2']","['10:30-11:35', '11:45-12:50']",---,---,---,['فهد عبدالرحمن حمد بن شاهين']
101 كيح,كيمياء حيوية عامة,82126,محاضرة,4,ذكر,['135'],['08:00-09:05'],3,1444-11-24,01:00 م - 04:00 م,['محمد سعد محمد داود']
101 كيح,كيمياء حيوية عامة,82128,عملي,ذكر,مفتوحة,"['4', '4']","['08:00-09:05', '09:15-10:20']",---,---,---,['عبدالله بن عبدالرحمن بن عبدالله الضويلع']
101 كيح,كيمياء حيوية عامة,82127,عملي,ذكر,مفتوحة,"['4', '4']","['08:00-09:05', '09:15-10:20']",---,---,---,['عبدالعزيز بن عبدالله بن محمد ال الدهيس العمري']
101 كيح,كيمياء حيوية عامة,87658,محاضرة,4,ذكر,"['2', '24']","['08:00-09:05', '09:15-10:20']",3,1444-11-24,01:00 م - 04:00 م,['فريد شكرى عطايا عطايا']
101 كيح,كيمياء حيوية عامة,87659,عملي,ذكر,مفتوحة,"['1', '1']","['10:30-11:35', '11:45-12:50']",---,---,---,['لم يحدد من الكلية']
101 كيح,كيمياء حيوية عامة,87660,عملي,ذكر,مفتوحة,"['1', '1']","['10:30-11:35', '11:45-12:50']",---,---,---,['لم يحدد من الكلية']
230 نال,اسس قواعد البيانات,12451,محاضرة,3,ذكر,"['4', '24']","['08:00-09:05', '09:15-10:20']",1,1444-11-29,08:00 ص - 11:00 ص,['يزيد ابراهيم عبدالعزيز العبدالكريم']
230 نال,اسس قواعد البيانات,12452,تمارين,ذكر,مفتوحة,['2'],['08:00-09:05'],---,---,---,['عبدالعزيز عبدالرحمن عبدالعزيز الهدلق']
230 نال,اسس قواعد البيانات,14055,محاضرة,3,ذكر,"['24', '4']","['08:00-09:05', '09:15-10:20']",1,1444-11-29,08:00 ص - 11:00 ص,['حمد عبدالرحمن عبدالله الصالح']
230 نال,اسس قواعد البيانات,14056,تمارين,ذكر,مفتوحة,['2'],['09:15-10:20'],---,---,---,['عبدالعزيز عبدالرحمن عبدالعزيز الهدلق']
230 نال,اسس قواعد البيانات,35583,محاضرة,3,ذكر,"['4', '24']","['10:30-11:35', '11:45-12:50']",1,1444-11-29,08:00 ص - 11:00 ص,['يزيد ابراهيم عبدالعزيز العبدالكريم']
230 نال,اسس قواعد البيانات,35584,تمارين,ذكر,مفتوحة,['2'],['10:30-11:35'],---,---,---,['عبدالعزيز عبدالرحمن عبدالعزيز الهدلق']
230 نال,اسس قواعد البيانات,64230,محاضرة,3,ذكر,"['24', '4']","['10:30-11:35', '11:45-12:50']",1,1444-11-29,08:00 ص - 11:00 ص,['حمد عبدالرحمن عبدالله الصالح']
230 نال,اسس قواعد البيانات,64231,تمارين,ذكر,مفتوحة,['2'],['11:45-12:50'],---,---,---,['عبدالعزيز عبدالرحمن عبدالعزيز الهدلق']
230 نال,اسس قواعد البيانات,86741,محاضرة,3,ذكر,"['24', '4']","['10:30-11:35', '11:45-12:50']",1,1444-11-29,08:00 ص - 11:00 ص,['مراد بن شيخ']
230 نال,اسس قواعد البيانات,86742,تمارين,ذكر,مفتوحة,['2'],['11:45-12:50'],---,---,---,['مراد بن شيخ']
104 فيز,فيزياء عامه (2),81665,محاضرة,4,ذكر,['135'],['09:15-10:20'],2,1444-11-23,08:00 ص - 11:00 ص,['هادى رسام هادى القحطانى']
104 فيز,فيزياء عامه (2),81667,عملي,ذكر,مفتوحة,"['2', '2']","['10:30-11:35', '11:45-12:50']",---,---,---,['لم يحدد من الكلية']
104 فيز,فيزياء عامه (2),81666,عملي,ذكر,مفتوحة,"['2', '2']","['10:30-11:35', '11:45-12:50']",---,---,---,['لم يحدد من الكلية']
104 فيز,فيزياء عامه (2),81668,محاضرة,4,ذكر,['135'],['08:00-09:05'],2,1444-11-23,08:00 ص - 11:00 ص,['هادى رسام هادى القحطانى']
104 فيز,فيزياء عامه (2),81670,عملي,ذكر,مفتوحة,"['2', '2']","['08:00-09:05', '09:15-10:20']",---,---,---,['لم يحدد من الكلية']
104 فيز,فيزياء عامه (2),81669,عملي,ذكر,مفتوحة,"['2', '2']","['08:00-09:05', '09:15-10:20']",---,---,---,['لم يحدد من الكلية']
104 فيز,فيزياء عامه (2),81671,محاضرة,4,ذكر,['135'],['11:45-12:50'],2,1444-11-23,08:00 ص - 11:00 ص,['ايمن محمد حمد السماعيل']
104 فيز,فيزياء عامه (2),81672,عملي,ذكر,مفتوحة,"['4', '4']","['10:30-11:35', '11:45-12:50']",---,---,---,['لم يحدد من الكلية']
104 فيز,فيزياء عامه (2),81673,عملي,ذكر,مفتوحة,"['4', '4']","['10:30-11:35', '11:45-12:50']",---,---,---,['لم يحدد من الكلية']
104 فيز,فيزياء عامه (2),81674,محاضرة,4,ذكر,['135'],['10:30-11:35'],2,1444-11-23,08:00 ص - 11:00 ص,['ابراهيم خالد ابراهيم النملة']
104 فيز,فيزياء عامه (2),81675,عملي,ذكر,مفتوحة,"['4', '4']","['08:00-09:05', '09:15-10:20']",---,---,---,['لم يحدد من الكلية']
104 فيز,فيزياء عامه (2),81676,عملي,ذكر,مفتوحة,"['4', '4']","['08:00-09:05', '09:15-10:20']",---,---,---,['لم يحدد من الكلية']
104 فيز,فيزياء عامه (2),81677,محاضرة,4,ذكر,['135'],['02:45-03:50'],2,1444-11-23,08:00 ص - 11:00 ص,['ابوبكر احمد محمد صديق']
104 فيز,فيزياء عامه (2),81679,عملي,ذكر,مفتوحة,"['4', '4']","['01:30-02:35', '02:45-03:50']",---,---,---,['لم يحدد من الكلية']
104 فيز,فيزياء عامه (2),81678,عملي,ذكر,مفتوحة,"['4', '4']","['01:30-02:35', '02:45-03:50']",---,---,---,['لم يحدد من الكلية']
104 فيز,فيزياء عامه (2),81680,محاضرة,4,ذكر,['135'],['01:30-02:35'],2,1444-11-23,08:00 ص - 11:00 ص,['عبدالله عبدالرحمن ابراهيم البسام']
104 فيز,فيزياء عامه (2),81681,عملي,ذكر,مفتوحة,"['2', '2']","['01:30-02:35', '02:45-03:50']",---,---,---,['لم يحدد من الكلية']
104 فيز,فيزياء عامه (2),81682,عملي,ذكر,مفتوحة,"['2', '2']","['01:30-02:35', '02:45-03:50']",---,---,---,['لم يحدد من الكلية']
104 فيز,فيزياء عامه (2),81683,محاضرة,4,ذكر,['135'],['09:15-10:20'],2,1444-11-23,08:00 ص - 11:00 ص,['محمد عبدالله محمد ابو الريش']
104 فيز,فيزياء عامه (2),81684,عملي,ذكر,مفتوحة,"['2', '2']","['10:30-11:35', '11:45-12:50']",---,---,---,['لم يحدد من الكلية']
104 فيز,فيزياء عامه (2),81685,عملي,ذكر,مفتوحة,"['2', '2']","['10:30-11:35', '11:45-12:50']",---,---,---,['لم يحدد من الكلية']
104 فيز,فيزياء عامه (2),81686,محاضرة,4,ذكر,['135'],['08:00-09:05'],2,1444-11-23,08:00 ص - 11:00 ص,['ابراهيم خالد ابراهيم النملة']
104 فيز,فيزياء عامه (2),81687,عملي,ذكر,مفتوحة,"['2', '2']","['08:00-09:05', '09:15-10:20']",---,---,---,['لم يحدد من الكلية']
104 فيز,فيزياء عامه (2),81688,عملي,ذكر,مفتوحة,"['2', '2']","['08:00-09:05', '09:15-10:20']",---,---,---,['لم يحدد من الكلية']
104 فيز,فيزياء عامه (2),81689,محاضرة,4,ذكر,['135'],['11:45-12:50'],2,1444-11-23,08:00 ص - 11:00 ص,['ابوبكر احمد محمد صديق']
104 فيز,فيزياء عامه (2),81690,عملي,ذكر,مفتوحة,"['4', '4']","['10:30-11:35', '11:45-12:50']",---,---,---,['لم يحدد من الكلية']
104 فيز,فيزياء عامه (2),81691,عملي,ذكر,مفتوحة,"['4', '4']","['10:30-11:35', '11:45-12:50']",---,---,---,['لم يحدد من الكلية']
104 فيز,فيزياء عامه (2),81692,محاضرة,4,ذكر,['135'],['10:30-11:35'],2,1444-11-23,08:00 ص - 11:00 ص,['ايمن محمد حمد السماعيل']
104 فيز,فيزياء عامه (2),81694,عملي,ذكر,مفتوحة,"['4', '4']","['08:00-09:05', '09:15-10:20']",---,---,---,['لم يحدد من الكلية']
104 فيز,فيزياء عامه (2),81693,عملي,ذكر,مفتوحة,"['4', '4']","['08:00-09:05', '09:15-10:20']",---,---,---,['لم يحدد من الكلية']
104 فيز,فيزياء عامه (2),81695,محاضرة,4,ذكر,['135'],['02:45-03:50'],2,1444-11-23,08:00 ص - 11:00 ص,['عبدالله عبدالرحمن ابراهيم البسام']
104 فيز,فيزياء عامه (2),81696,عملي,ذكر,مفتوحة,"['4', '4']","['01:30-02:35', '02:45-03:50']",---,---,---,['لم يحدد من الكلية']
104 فيز,فيزياء عامه (2),81697,عملي,ذكر,مفتوحة,"['4', '4']","['01:30-02:35', '02:45-03:50']",---,---,---,['لم يحدد من الكلية']
104 فيز,فيزياء عامه (2),81698,محاضرة,4,ذكر,['135'],['01:30-02:35'],2,1444-11-23,08:00 ص - 11:00 ص,['لم يحدد من الكلية']
104 فيز,فيزياء عامه (2),81699,عملي,ذكر,مغلقة,"['2', '2']","['10:30-11:35', '11:45-12:50']",---,---,---,['لم يحدد من الكلية']
104 فيز,فيزياء عامه (2),81700,عملي,ذكر,مغلقة,"['2', '2']","['10:30-11:35', '11:45-12:50']",---,---,---,['لم يحدد من الكلية']
104 فيز,فيزياء عامه (2),81701,محاضرة,4,ذكر,"['24', '4']","['10:30-11:35', '11:45-12:50']",2,1444-11-23,08:00 ص - 11:00 ص,['لم يحدد من الكلية']
104 فيز,فيزياء عامه (2),81703,عملي,ذكر,مغلقة,"['5', '5']","['01:30-02:35', '02:45-03:50']",---,---,---,['لم يحدد من الكلية']
104 فيز,فيزياء عامه (2),81702,عملي,ذكر,مغلقة,"['5', '5']","['01:30-02:35', '02:45-03:50']",---,---,---,['لم يحدد من الكلية']
104 فيز,فيزياء عامه (2),81704,محاضرة,4,ذكر,"['4', '24']","['08:00-09:05', '09:15-10:20']",2,1444-11-23,08:00 ص - 11:00 ص,['لم يحدد من الكلية']
104 فيز,فيزياء عامه (2),81706,عملي,ذكر,مغلقة,"['1', '1']","['01:30-02:35', '02:45-03:50']",---,---,---,['لم يحدد من الكلية']
104 فيز,فيزياء عامه (2),81705,عملي,ذكر,مغلقة,"['1', '1']","['01:30-02:35', '02:45-03:50']",---,---,---,['لم يحدد من الكلية']
104 فيز,فيزياء عامه (2),81707,محاضرة,4,ذكر,"['24', '2']","['10:30-11:35', '11:45-12:50']",2,1444-11-23,08:00 ص - 11:00 ص,['لم يحدد من الكلية']
104 فيز,فيزياء عامه (2),81708,عملي,ذكر,مغلقة,"['5', '5']","['01:30-02:35', '02:45-03:50']",---,---,---,['لم يحدد من الكلية']
104 فيز,فيزياء عامه (2),81709,عملي,ذكر,مغلقة,"['5', '5']","['01:30-02:35', '02:45-03:50']",---,---,---,['لم يحدد من الكلية']
104 فيز,فيزياء عامه (2),82652,محاضرة,4,ذكر,['135'],['08:00-09:05'],2,1444-11-23,08:00 ص - 11:00 ص,['عبدالله محارب سيحان الظفيري']
104 فيز,فيزياء عامه (2),82653,عملي,ذكر,مفتوحة,"['1', '1']","['01:30-02:35', '02:45-03:50']",---,---,---,['لم يحدد من الكلية']
104 فيز,فيزياء عامه (2),82654,عملي,ذكر,مفتوحة,"['4', '4']","['10:30-11:35', '11:45-12:50']",---,---,---,['لم يحدد من الكلية']
104 فيز,فيزياء عامه (2),82655,محاضرة,4,ذكر,"['35', '1']","['11:45-12:50', '11:45-12:50']",2,1444-11-23,08:00 ص - 11:00 ص,['محمد عبدالله محمد ابو الريش']
104 فيز,فيزياء عامه (2),82656,عملي,ذكر,مفتوحة,"['1', '1']","['04:00-05:05', '05:15-06:20']",---,---,---,['لم يحدد من الكلية']
104 فيز,فيزياء عامه (2),82657,عملي,ذكر,مفتوحة,"['3', '3']","['04:00-05:05', '05:15-06:20']",---,---,---,['لم يحدد من الكلية']
104 فيز,فيزياء عامه (2),82658,محاضرة,4,ذكر,['135'],['10:30-11:35'],2,1444-11-23,08:00 ص - 11:00 ص,['ابوبكر احمد محمد صديق']
104 فيز,فيزياء عامه (2),82659,عملي,ذكر,مفتوحة,"['2', '2']","['01:30-02:35', '02:45-03:50']",---,---,---,['لم يحدد من الكلية']
104 فيز,فيزياء عامه (2),82660,عملي,ذكر,مفتوحة,"['4', '4']","['01:30-02:35', '02:45-03:50']",---,---,---,['لم يحدد من الكلية']
104 فيز,فيزياء عامه (2),82661,محاضرة,4,ذكر,"['1', '35']","['09:15-10:20', '09:15-10:20']",2,1444-11-23,08:00 ص - 11:00 ص,['ابراهيم خالد ابراهيم النملة']
104 فيز,فيزياء عامه (2),82662,عملي,ذكر,مفتوحة,"['1', '1']","['01:30-02:35', '02:45-03:50']",---,---,---,['لم يحدد من الكلية']
104 فيز,فيزياء عامه (2),82663,عملي,ذكر,مفتوحة,"['3', '3']","['01:30-02:35', '02:45-03:50']",---,---,---,['لم يحدد من الكلية']
151 ريض,الرياضيات المحددة,20547,محاضرة,3,ذكر,['135'],['11:45-12:50'],4,1444-12-03,01:00 م - 04:00 م,['عبداللطيف لعراجى']
151 ريض,الرياضيات المحددة,20548,تمارين,ذكر,مفتوحة,"['4', '4']","['08:00-09:05', '09:15-10:20']",---,---,---,['لم يحدد من الكلية']
151 ريض,الرياضيات المحددة,82685,محاضرة,3,ذكر,['135'],['10:30-11:35'],4,1444-12-03,01:00 م - 04:00 م,['المنصف بن سالم بوعزيز']
151 ريض,الرياضيات المحددة,82686,تمارين,ذكر,مفتوحة,"['4', '4']","['10:30-11:35', '11:45-12:50']",---,---,---,['لم يحدد من الكلية']
151 ريض,الرياضيات المحددة,82687,محاضرة,3,ذكر,"['24', '2']","['08:00-09:05', '09:15-10:20']",4,1444-12-03,01:00 م - 04:00 م,['احمد حميد شراري']
151 ريض,الرياضيات المحددة,82688,تمارين,ذكر,مفتوحة,"['1', '1']","['04:00-05:05', '05:15-06:20']",---,---,---,['لم يحدد من الكلية']
151 ريض,الرياضيات المحددة,82689,محاضرة,3,ذكر,"['35', '1']","['11:45-12:50', '11:45-12:50']",4,1444-12-03,01:00 م - 04:00 م,['المنصف بن سالم بوعزيز']
151 ريض,الرياضيات المحددة,82690,تمارين,ذكر,مفتوحة,"['3', '3']","['01:30-02:35', '02:45-03:50']",---,---,---,['لم يحدد من الكلية']
151 ريض,الرياضيات المحددة,82691,محاضرة,3,ذكر,['135'],['09:15-10:20'],4,1444-12-03,01:00 م - 04:00 م,['عبداللطيف لعراجى']
151 ريض,الرياضيات المحددة,82692,تمارين,ذكر,مفتوحة,"['1', '1']","['01:30-02:35', '02:45-03:50']",---,---,---,['لم يحدد من الكلية']
151 ريض,الرياضيات المحددة,82693,محاضرة,3,ذكر,['135'],['10:30-11:35'],4,1444-12-03,01:00 م - 04:00 م,['ايمن عبدالرحمان بن عميرة']
151 ريض,الرياضيات المحددة,82694,تمارين,ذكر,مفتوحة,"['5', '5']","['01:30-02:35', '02:45-03:50']",---,---,---,['لم يحدد من الكلية']
151 ريض,الرياضيات المحددة,82695,محاضرة,3,ذكر,"['1', '35']","['11:45-12:50', '11:45-12:50']",4,1444-12-03,01:00 م - 04:00 م,['ايمن عبدالرحمان بن عميرة']
151 ريض,الرياضيات المحددة,82696,تمارين,ذكر,مفتوحة,"['3', '3']","['01:30-02:35', '02:45-03:50']",---,---,---,['لم يحدد من الكلية']
244 ريض,الجبر الخطي,13702,محاضرة,3,ذكر,['135'],['11:45-12:50'],1,1444-11-22,01:00 م - 04:00 م,['منصور علي عبدالله اليزيدي']
244 ريض,الجبر الخطي,13703,تمارين,ذكر,مفتوحة,"['2', '2']","['10:30-11:35', '11:45-12:50']",---,---,---,['لم يحدد من الكلية']
244 ريض,الجبر الخطي,81481,محاضرة,3,ذكر,['135'],['08:00-09:05'],1,1444-11-22,01:00 م - 04:00 م,['تركى محمد عبدالله السريهيد']
244 ريض,الجبر الخطي,81482,تمارين,ذكر,مفتوحة,"['4', '4']","['10:30-11:35', '11:45-12:50']",---,---,---,['لم يحدد من الكلية']
244 ريض,الجبر الخطي,82714,محاضرة,3,ذكر,['135'],['08:00-09:05'],1,1444-11-22,01:00 م - 04:00 م,['ماجد عبدالمحسن صالح المبارك']
244 ريض,الجبر الخطي,82715,تمارين,ذكر,مفتوحة,"['2', '2']","['10:30-11:35', '11:45-12:50']",---,---,---,['لم يحدد من الكلية']
244 ريض,الجبر الخطي,82716,محاضرة,3,ذكر,['135'],['09:15-10:20'],1,1444-11-22,01:00 م - 04:00 م,['ماجد عبدالمحسن صالح المبارك']
244 ريض,الجبر الخطي,82717,تمارين,ذكر,مفتوحة,"['1', '1']","['04:00-05:05', '05:15-06:20']",---,---,---,['لم يحدد من الكلية']
244 ريض,الجبر الخطي,82718,محاضرة,3,ذكر,['135'],['10:30-11:35'],1,1444-11-22,01:00 م - 04:00 م,['تركى محمد عبدالله السريهيد']
244 ريض,الجبر الخطي,82719,تمارين,ذكر,مفتوحة,"['2', '2']","['04:00-05:05', '05:15-06:20']",---,---,---,['لم يحدد من الكلية']
244 ريض,الجبر الخطي,82720,محاضرة,3,ذكر,['135'],['10:30-11:35'],1,1444-11-22,01:00 م - 04:00 م,['خالد حمد عبدالله الشعلان']
244 ريض,الجبر الخطي,82721,تمارين,ذكر,مفتوحة,"['2', '2']","['01:30-02:35', '02:45-03:50']",---,---,---,['لم يحدد من الكلية']
244 ريض,الجبر الخطي,82722,محاضرة,3,ذكر,['135'],['09:15-10:20'],1,1444-11-22,01:00 م - 04:00 م,['تركى محمد عبدالله السريهيد']
244 ريض,الجبر الخطي,82723,تمارين,ذكر,مفتوحة,"['4', '4']","['10:30-11:35', '11:45-12:50']",---,---,---,['لم يحدد من الكلية']
244 ريض,الجبر الخطي,82724,محاضرة,3,ذكر,['135'],['09:15-10:20'],1,1444-11-22,01:00 م - 04:00 م,['خالد حمد عبدالله الشعلان']
244 ريض,الجبر الخطي,82725,تمارين,ذكر,مفتوحة,"['4', '4']","['10:30-11:35', '11:45-12:50']",---,---,---,['لم يحدد من الكلية']
244 ريض,الجبر الخطي,82726,محاضرة,3,ذكر,['135'],['11:45-12:50'],1,1444-11-22,01:00 م - 04:00 م,['اخلاق احمد سديقي اشتياق احمد سديقي']
244 ريض,الجبر الخطي,82727,تمارين,ذكر,مفتوحة,"['2', '2']","['10:30-11:35', '11:45-12:50']",---,---,---,['لم يحدد من الكلية']
244 ريض,الجبر الخطي,82728,محاضرة,3,ذكر,['135'],['01:30-02:35'],1,1444-11-22,01:00 م - 04:00 م,['نجم الدين بن محمد الشرفي']
244 ريض,الجبر الخطي,82729,تمارين,ذكر,مفتوحة,"['2', '2']","['01:30-02:35', '02:45-03:50']",---,---,---,['لم يحدد من الكلية']
244 ريض,الجبر الخطي,82730,محاضرة,3,ذكر,['135'],['10:30-11:35'],1,1444-11-22,01:00 م - 04:00 م,['محمد البوصيرى محمد جلالي']
244 ريض,الجبر الخطي,82731,تمارين,ذكر,مفتوحة,"['2', '2']","['10:30-11:35', '11:45-12:50']",---,---,---,['لم يحدد من الكلية']
212 عال,تراكيب البيانات,12306,محاضرة,3,ذكر,['135'],['10:30-11:35'],2,1444-12-01,01:00 م - 04:00 م,['ناصر عبدالله صالح السدحان']
212 عال,تراكيب البيانات,12307,تمارين,ذكر,مفتوحة,['5'],['01:30-02:35'],---,---,---,['ناصر عبدالله صالح السدحان']
212 عال,تراكيب البيانات,12308,محاضرة,3,ذكر,['135'],['11:45-12:50'],2,1444-12-01,01:00 م - 04:00 م,['ناصر عبدالله صالح السدحان']
212 عال,تراكيب البيانات,12309,تمارين,ذكر,مفتوحة,['3'],['01:30-02:35'],---,---,---,['ناصر عبدالله صالح السدحان']
212 عال,تراكيب البيانات,12312,محاضرة,3,ذكر,['135'],['09:15-10:20'],2,1444-12-01,01:00 م - 04:00 م,['محمد عبدالله عبدالرحمن الزيد']
212 عال,تراكيب البيانات,12313,تمارين,ذكر,مفتوحة,['5'],['08:00-09:05'],---,---,---,['محمد عبدالله عبدالرحمن الزيد']
212 عال,تراكيب البيانات,32637,محاضرة,3,ذكر,['135'],['09:15-10:20'],2,1444-12-01,01:00 م - 04:00 م,['عزام محمد عبدالله السديس']
212 عال,تراكيب البيانات,32638,تمارين,ذكر,مفتوحة,['1'],['01:30-02:35'],---,---,---,['عزام محمد عبدالله السديس']
201 فيز,فيزياء رياضية (1),1059,محاضرة,3,ذكر,['13'],['10:30-11:35'],2,1444-11-23,08:00 ص - 11:00 ص,['ابوعزه المحمدى']
201 فيز,فيزياء رياضية (1),29661,تمارين,ذكر,مفتوحة,"['4', '4']","['01:30-02:35', '02:45-03:50']",---,---,---,['ابوعزه المحمدى']
201 فيز,فيزياء رياضية (1),51116,محاضرة,3,ذكر,['13'],['10:30-11:35'],2,1444-11-23,08:00 ص - 11:00 ص,['عبدالحى صلاح محمد عبدالكريم']
201 فيز,فيزياء رياضية (1),51117,تمارين,ذكر,مفتوحة,"['5', '5']","['10:30-11:35', '11:45-12:50']",---,---,---,['عبدالحى صلاح محمد عبدالكريم']
201 فيز,فيزياء رياضية (1),66135,محاضرة,3,ذكر,['13'],['10:30-11:35'],2,1444-11-23,08:00 ص - 11:00 ص,['لم يحدد من الكلية']
201 فيز,فيزياء رياضية (1),66136,تمارين,ذكر,مفتوحة,"['5', '5']","['10:30-11:35', '11:45-12:50']",---,---,---,['لم يحدد من الكلية']
311 عال,تصميم وتحليل الخوارزميات,11436,محاضرة,3,ذكر,['135'],['10:30-11:35'],3,1444-12-02,08:00 ص - 11:00 ص,['عقيل محمد مصطفى عبدالرحمن الاعظمى']
311 عال,تصميم وتحليل الخوارزميات,11437,تمارين,ذكر,مفتوحة,['1'],['11:45-12:50'],---,---,---,['وسام عاطف خالد حتامله']
311 عال,تصميم وتحليل الخوارزميات,35556,محاضرة,3,ذكر,['135'],['09:15-10:20'],3,1444-12-02,08:00 ص - 11:00 ص,['محمد ماهر صلاح الدين اسماعيل']
311 عال,تصميم وتحليل الخوارزميات,35557,تمارين,ذكر,مفتوحة,['1'],['10:30-11:35'],---,---,---,['وسام عاطف خالد حتامله']
311 عال,تصميم وتحليل الخوارزميات,73883,محاضرة,3,ذكر,['135'],['08:00-09:05'],3,1444-12-02,08:00 ص - 11:00 ص,['محمد ماهر صلاح الدين اسماعيل']
311 عال,تصميم وتحليل الخوارزميات,73884,تمارين,ذكر,مفتوحة,['1'],['09:15-10:20'],---,---,---,['وسام عاطف خالد حتامله']
361 عال,الذكاء الاصطناعي,11453,محاضرة,3,ذكر,"['24', '2']","['08:00-09:05', '09:15-10:20']",2,1444-12-01,01:00 م - 04:00 م,['احمد جعفر الفنوش الشبلي']
361 عال,الذكاء الاصطناعي,11454,تمارين,ذكر,مفتوحة,['4'],['09:15-10:20'],---,---,---,['احمد جعفر الفنوش الشبلي']
361 عال,الذكاء الاصطناعي,35561,محاضرة,3,ذكر,"['24', '2']","['10:30-11:35', '11:45-12:50']",2,1444-12-01,01:00 م - 04:00 م,['يوسف احمد محمد العوهلى']
361 عال,الذكاء الاصطناعي,35562,تمارين,ذكر,مفتوحة,['4'],['11:45-12:50'],---,---,---,['يوسف احمد محمد العوهلى']
113 عال,برمجة حاسبات -2-,11401,محاضرة,4,ذكر,"['24', '2']","['01:30-02:35', '02:45-03:50']",7,1444-11-21,01:00 م - 04:00 م,['محمد احمد محمد القعود']
113 عال,برمجة حاسبات -2-,77952,عملي,ذكر,مفتوحة,"['2', '2']","['04:00-05:05', '05:15-06:20']",---,---,---,['موداسار ايوب شيخ محمد']
113 عال,برمجة حاسبات -2-,11402,تمارين,ذكر,مفتوحة,['4'],['02:45-03:50'],---,---,---,['محمد احمد محمد القعود']
113 عال,برمجة حاسبات -2-,77951,عملي,ذكر,مفتوحة,"['4', '4']","['04:00-05:05', '05:15-06:20']",---,---,---,['موداسار ايوب شيخ محمد']
113 عال,برمجة حاسبات -2-,11407,محاضرة,4,ذكر,"['24', '4']","['10:30-11:35', '11:45-12:50']",7,1444-11-21,01:00 م - 04:00 م,['بندر محمد عويبد المويسي السلمي']
113 عال,برمجة حاسبات -2-,77956,عملي,ذكر,مفتوحة,"['4', '4']","['01:30-02:35', '02:45-03:50']",---,---,---,['موداسار ايوب شيخ محمد']
113 عال,برمجة حاسبات -2-,11408,تمارين,ذكر,مفتوحة,['2'],['11:45-12:50'],---,---,---,['بندر محمد عويبد المويسي السلمي']
113 عال,برمجة حاسبات -2-,77954,عملي,ذكر,مفتوحة,"['2', '2']","['01:30-02:35', '02:45-03:50']",---,---,---,['موداسار ايوب شيخ محمد']
113 عال,برمجة حاسبات -2-,11410,محاضرة,4,ذكر,"['24', '4']","['08:00-09:05', '09:15-10:20']",7,1444-11-21,01:00 م - 04:00 م,['بندر محمد عويبد المويسي السلمي']
113 عال,برمجة حاسبات -2-,11411,تمارين,ذكر,مفتوحة,['2'],['09:15-10:20'],---,---,---,['بندر محمد عويبد المويسي السلمي']
113 عال,برمجة حاسبات -2-,77965,عملي,ذكر,مفتوحة,"['5', '5']","['10:30-11:35', '11:45-12:50']",---,---,---,['مشعل خالد ابراهيم الدخيل']
113 عال,برمجة حاسبات -2-,77966,عملي,ذكر,مفتوحة,"['3', '3']","['10:30-11:35', '11:45-12:50']",---,---,---,['مشعل خالد ابراهيم الدخيل']
113 عال,برمجة حاسبات -2-,12282,محاضرة,4,ذكر,['135'],['10:30-11:35'],7,1444-11-21,01:00 م - 04:00 م,['عمر علي عبدالله العبيد']
113 عال,برمجة حاسبات -2-,77967,عملي,ذكر,مفتوحة,"['1', '1']","['01:30-02:35', '02:45-03:50']",---,---,---,['عبدالرحمن خالد عبدالله الشميمري']
113 عال,برمجة حاسبات -2-,12283,تمارين,ذكر,مفتوحة,['3'],['11:45-12:50'],---,---,---,['عمر علي عبدالله العبيد']
113 عال,برمجة حاسبات -2-,77968,عملي,ذكر,مفتوحة,"['3', '3']","['01:30-02:35', '02:45-03:50']",---,---,---,['مشعل خالد ابراهيم الدخيل']
113 عال,برمجة حاسبات -2-,32585,محاضرة,4,ذكر,['135'],['08:00-09:05'],7,1444-11-21,01:00 م - 04:00 م,['عمر علي عبدالله العبيد']
113 عال,برمجة حاسبات -2-,77971,عملي,ذكر,مفتوحة,"['1', '1']","['01:30-02:35', '02:45-03:50']",---,---,---,['مشعل خالد ابراهيم الدخيل']
113 عال,برمجة حاسبات -2-,77972,عملي,ذكر,مفتوحة,"['3', '3']","['01:30-02:35', '02:45-03:50']",---,---,---,['مروان محمد خلف الميمونى']
113 عال,برمجة حاسبات -2-,32587,تمارين,ذكر,مفتوحة,['4'],['01:30-02:35'],---,---,---,['عمر علي عبدالله العبيد']
113 عال,برمجة حاسبات -2-,32591,محاضرة,4,ذكر,['135'],['11:45-12:50'],7,1444-11-21,01:00 م - 04:00 م,['محمد عبدالله عبدالرحمن الزيد']
113 عال,برمجة حاسبات -2-,32593,تمارين,ذكر,مفتوحة,['3'],['01:30-02:35'],---,---,---,['محمد عبدالله عبدالرحمن الزيد']
113 عال,برمجة حاسبات -2-,77976,عملي,ذكر,مفتوحة,"['4', '4']","['08:00-09:05', '09:15-10:20']",---,---,---,['سعد عبدالعزيز عبدالرحمن اليوسف']
113 عال,برمجة حاسبات -2-,77975,عملي,ذكر,مفتوحة,"['2', '2']","['08:00-09:05', '09:15-10:20']",---,---,---,['عبدالرحمن خالد عبدالله الشميمري']
113 عال,برمجة حاسبات -2-,85768,محاضرة,4,ذكر,['135'],['10:30-11:35'],7,1444-11-21,01:00 م - 04:00 م,['محمد عبدالله عبدالرحمن الزيد']
113 عال,برمجة حاسبات -2-,85772,عملي,ذكر,مفتوحة,"['2', '2']","['10:30-11:35', '11:45-12:50']",---,---,---,['عبدالرحمن خالد عبدالله الشميمري']
113 عال,برمجة حاسبات -2-,85773,عملي,ذكر,مفتوحة,"['5', '5']","['01:30-02:35', '02:45-03:50']",---,---,---,['مشعل خالد ابراهيم الدخيل']
113 عال,برمجة حاسبات -2-,85771,تمارين,ذكر,مفتوحة,['1'],['01:30-02:35'],---,---,---,['محمد عبدالله عبدالرحمن الزيد']
113 عال,برمجة حاسبات -2-,85774,محاضرة,4,ذكر,['135'],['09:15-10:20'],7,1444-11-21,01:00 م - 04:00 م,['عمر علي عبدالله العبيد']
113 عال,برمجة حاسبات -2-,85779,عملي,ذكر,مفتوحة,"['4', '4']","['01:30-02:35', '02:45-03:50']",---,---,---,['عبدالرحمن خالد عبدالله الشميمري']
113 عال,برمجة حاسبات -2-,85778,عملي,ذكر,مفتوحة,"['2', '2']","['01:30-02:35', '02:45-03:50']",---,---,---,['عبدالرحمن خالد عبدالله الشميمري']
113 عال,برمجة حاسبات -2-,85777,تمارين,ذكر,مفتوحة,['5'],['01:30-02:35'],---,---,---,['عمر علي عبدالله العبيد']
316 هال,عمارة الحاسبات ولغات التجميع,12424,محاضرة,3,ذكر,['135'],['09:15-10:20'],1,1444-11-29,08:00 ص - 11:00 ص,['بلقاسم بن يوسف']
316 هال,عمارة الحاسبات ولغات التجميع,12425,تمارين,ذكر,مفتوحة,['1'],['02:45-03:50'],---,---,---,['بلقاسم بن يوسف']
316 هال,عمارة الحاسبات ولغات التجميع,37654,محاضرة,3,ذكر,['135'],['10:30-11:35'],1,1444-11-29,08:00 ص - 11:00 ص,['مساعد عبدالعزيز ابراهيم الحسين']
316 هال,عمارة الحاسبات ولغات التجميع,37655,تمارين,ذكر,مفتوحة,['1'],['01:30-02:35'],---,---,---,['مساعد عبدالعزيز ابراهيم الحسين']
316 هال,عمارة الحاسبات ولغات التجميع,80898,محاضرة,3,ذكر,['135'],['11:45-12:50'],1,1444-11-29,08:00 ص - 11:00 ص,['عيسى احمد ناصر الغنيم']
316 هال,عمارة الحاسبات ولغات التجميع,80899,تمارين,ذكر,مفتوحة,['3'],['01:30-02:35'],---,---,---,['عيسى احمد ناصر الغنيم']
335 نال,معمارية نظم ادارة قواعد البيانات,12516,محاضرة,3,ذكر,['135'],['09:15-10:20'],7,1444-11-28,01:00 م - 04:00 م,['المتولى محمد المتولى مصطفى']
335 نال,معمارية نظم ادارة قواعد البيانات,12517,تمارين,ذكر,مفتوحة,['4'],['01:30-02:35'],---,---,---,['محمد عبدالكريم عبدالرحمن الناجم']
335 نال,معمارية نظم ادارة قواعد البيانات,12518,محاضرة,3,ذكر,['135'],['10:30-11:35'],7,1444-11-28,01:00 م - 04:00 م,['المتولى محمد المتولى مصطفى']
335 نال,معمارية نظم ادارة قواعد البيانات,12519,تمارين,ذكر,مفتوحة,['4'],['02:45-03:50'],---,---,---,['محمد عبدالكريم عبدالرحمن الناجم']
335 نال,معمارية نظم ادارة قواعد البيانات,85356,محاضرة,3,ذكر,['135'],['08:00-09:05'],7,1444-11-28,01:00 م - 04:00 م,['المتولى محمد المتولى مصطفى']
335 نال,معمارية نظم ادارة قواعد البيانات,85357,تمارين,ذكر,مفتوحة,['1'],['01:30-02:35'],---,---,---,['محمد عبدالكريم عبدالرحمن الناجم']
445 هال,بروتوكولات وخوارزميات الشبكات,12465,محاضرة,3,ذكر,['135'],['08:00-09:05'],1,1444-11-29,08:00 ص - 11:00 ص,['عاصم ناصر عبدالرحمن اليحيى']
445 هال,بروتوكولات وخوارزميات الشبكات,12466,تمارين,ذكر,مفتوحة,['3'],['04:00-05:05'],---,---,---,['عاصم ناصر عبدالرحمن اليحيى']
106 ريض,حساب التكامل,81635,محاضرة,3,ذكر,['135'],['08:00-09:05'],2,1444-12-01,08:00 ص - 11:00 ص,['بندر ناصر خليفه المحلسى المطيرى']
106 ريض,حساب التكامل,81636,تمارين,ذكر,مفتوحة,"['2', '2']","['08:00-09:05', '09:15-10:20']",---,---,---,['لم يحدد من الكلية']
106 ريض,حساب التكامل,81637,محاضرة,3,ذكر,['135'],['09:15-10:20'],2,1444-12-01,08:00 ص - 11:00 ص,['ابراهيم صالح ابراهيم العليان']
106 ريض,حساب التكامل,81638,تمارين,ذكر,مفتوحة,"['2', '2']","['10:30-11:35', '11:45-12:50']",---,---,---,['لم يحدد من الكلية']
106 ريض,حساب التكامل,81639,محاضرة,3,ذكر,['135'],['10:30-11:35'],2,1444-12-01,08:00 ص - 11:00 ص,['حسين محمد احمد صدراوى']
106 ريض,حساب التكامل,81640,تمارين,ذكر,مفتوحة,"['4', '4']","['08:00-09:05', '09:15-10:20']",---,---,---,['لم يحدد من الكلية']
106 ريض,حساب التكامل,81641,محاضرة,3,ذكر,['135'],['11:45-12:50'],2,1444-12-01,08:00 ص - 11:00 ص,['مصطفى خليل دملخي']
106 ريض,حساب التكامل,81642,تمارين,ذكر,مفتوحة,"['4', '4']","['10:30-11:35', '11:45-12:50']",---,---,---,['لم يحدد من الكلية']
106 ريض,حساب التكامل,81643,محاضرة,3,ذكر,['135'],['01:30-02:35'],2,1444-12-01,08:00 ص - 11:00 ص,['تي ام جي احسان الله جوشيدين']
106 ريض,حساب التكامل,81644,تمارين,ذكر,مفتوحة,"['2', '2']","['01:30-02:35', '02:45-03:50']",---,---,---,['لم يحدد من الكلية']
106 ريض,حساب التكامل,81645,محاضرة,3,ذكر,['135'],['02:45-03:50'],2,1444-12-01,08:00 ص - 11:00 ص,['فتحي بن محمد بوزفور']
106 ريض,حساب التكامل,81646,تمارين,ذكر,مفتوحة,"['4', '4']","['01:30-02:35', '02:45-03:50']",---,---,---,['لم يحدد من الكلية']
106 ريض,حساب التكامل,81647,محاضرة,3,ذكر,['135'],['08:00-09:05'],2,1444-12-01,08:00 ص - 11:00 ص,['محمد ناصر حسن ال شفلوت الغامدى']
106 ريض,حساب التكامل,81648,تمارين,ذكر,مفتوحة,"['2', '2']","['08:00-09:05', '09:15-10:20']",---,---,---,['لم يحدد من الكلية']
106 ريض,حساب التكامل,81649,محاضرة,3,ذكر,['135'],['09:15-10:20'],2,1444-12-01,08:00 ص - 11:00 ص,['محمد ناصر حسن ال شفلوت الغامدى']
106 ريض,حساب التكامل,81650,تمارين,ذكر,مفتوحة,"['2', '2']","['10:30-11:35', '11:45-12:50']",---,---,---,['لم يحدد من الكلية']
106 ريض,حساب التكامل,81651,محاضرة,3,ذكر,['135'],['10:30-11:35'],2,1444-12-01,08:00 ص - 11:00 ص,['محفوظ عالم']
106 ريض,حساب التكامل,81652,تمارين,ذكر,مفتوحة,"['4', '4']","['08:00-09:05', '09:15-10:20']",---,---,---,['لم يحدد من الكلية']
106 ريض,حساب التكامل,81653,محاضرة,3,ذكر,['135'],['11:45-12:50'],2,1444-12-01,08:00 ص - 11:00 ص,['مراد بن محمد بن سليمان']
106 ريض,حساب التكامل,81654,تمارين,ذكر,مفتوحة,"['4', '4']","['10:30-11:35', '11:45-12:50']",---,---,---,['لم يحدد من الكلية']
106 ريض,حساب التكامل,81655,محاضرة,3,ذكر,['135'],['01:30-02:35'],2,1444-12-01,08:00 ص - 11:00 ص,['مباريز غارييف']
106 ريض,حساب التكامل,81656,تمارين,ذكر,مفتوحة,"['2', '2']","['01:30-02:35', '02:45-03:50']",---,---,---,['لم يحدد من الكلية']
106 ريض,حساب التكامل,81657,محاضرة,3,ذكر,['135'],['02:45-03:50'],2,1444-12-01,08:00 ص - 11:00 ص,['مباريز غارييف']
106 ريض,حساب التكامل,81658,تمارين,ذكر,مفتوحة,"['4', '4']","['01:30-02:35', '02:45-03:50']",---,---,---,['لم يحدد من الكلية']
106 ريض,حساب التكامل,81659,محاضرة,3,ذكر,"['2', '24']","['08:00-09:05', '09:15-10:20']",2,1444-12-01,08:00 ص - 11:00 ص,['نجم الدين بن محمد الشرفي']
106 ريض,حساب التكامل,81660,تمارين,ذكر,مفتوحة,"['1', '1']","['01:30-02:35', '02:45-03:50']",---,---,---,['لم يحدد من الكلية']
106 ريض,حساب التكامل,81661,محاضرة,3,ذكر,"['24', '2']","['10:30-11:35', '11:45-12:50']",2,1444-12-01,08:00 ص - 11:00 ص,['عماد بن التومي بشار']
106 ريض,حساب التكامل,81662,تمارين,ذكر,مفتوحة,"['5', '5']","['01:30-02:35', '02:45-03:50']",---,---,---,['لم يحدد من الكلية']
106 ريض,حساب التكامل,81663,محاضرة,3,ذكر,"['4', '24']","['08:00-09:05', '09:15-10:20']",2,1444-12-01,08:00 ص - 11:00 ص,['عماد بن التومي بشار']
106 ريض,حساب التكامل,81664,تمارين,ذكر,مفتوحة,"['1', '1']","['01:30-02:35', '02:45-03:50']",---,---,---,['لم يحدد من الكلية']
106 ريض,حساب التكامل,81755,محاضرة,3,ذكر,['135'],['11:45-12:50'],2,1444-12-01,08:00 ص - 11:00 ص,['حسين محمد احمد صدراوى']
106 ريض,حساب التكامل,81756,تمارين,ذكر,مفتوحة,"['2', '2']","['01:30-02:35', '02:45-03:50']",---,---,---,['لم يحدد من الكلية']
106 ريض,حساب التكامل,82670,محاضرة,3,ذكر,['135'],['09:15-10:20'],2,1444-12-01,08:00 ص - 11:00 ص,['بندر ناصر خليفه المحلسى المطيرى']
106 ريض,حساب التكامل,82671,تمارين,ذكر,مفتوحة,"['4', '4']","['04:00-05:05', '05:15-06:20']",---,---,---,['لم يحدد من الكلية']
106 ريض,حساب التكامل,82672,محاضرة,3,ذكر,"['4', '4', '2']","['10:30-11:35', '11:45-12:50', '11:45-12:50']",2,1444-12-01,08:00 ص - 11:00 ص,['نجم الدين بن محمد الشرفي']
106 ريض,حساب التكامل,82673,تمارين,ذكر,مفتوحة,"['3', '3']","['01:30-02:35', '02:45-03:50']",---,---,---,['لم يحدد من الكلية']
106 ريض,حساب التكامل,82674,محاضرة,3,ذكر,['135'],['10:30-11:35'],2,1444-12-01,08:00 ص - 11:00 ص,['مراد بن محمد بن سليمان']
106 ريض,حساب التكامل,82675,تمارين,ذكر,مفتوحة,"['2', '2']","['08:00-09:05', '09:15-10:20']",---,---,---,['لم يحدد من الكلية']
106 ريض,حساب التكامل,82676,محاضرة,3,ذكر,"['35', '1']","['11:45-12:50', '11:45-12:50']",2,1444-12-01,08:00 ص - 11:00 ص,['مباريز غارييف']
106 ريض,حساب التكامل,82677,تمارين,ذكر,مفتوحة,"['5', '5']","['01:30-02:35', '02:45-03:50']",---,---,---,['لم يحدد من الكلية']
106 ريض,حساب التكامل,82678,محاضرة,3,ذكر,"['35', '1']","['09:15-10:20', '09:15-10:20']",2,1444-12-01,08:00 ص - 11:00 ص,['نبيل الهاشمى الوريمى']
106 ريض,حساب التكامل,82679,تمارين,ذكر,مفتوحة,"['2', '2']","['01:30-02:35', '02:45-03:50']",---,---,---,['لم يحدد من الكلية']
106 ريض,حساب التكامل,82680,محاضرة,3,ذكر,['135'],['10:30-11:35'],2,1444-12-01,08:00 ص - 11:00 ص,['نبيل الهاشمى الوريمى']
106 ريض,حساب التكامل,82681,تمارين,ذكر,مفتوحة,"['1', '1']","['01:30-02:35', '02:45-03:50']",---,---,---,['لم يحدد من الكلية']
111 عال,برمجة حاسبات (1),20478,محاضرة,4,ذكر,"['24', '2']","['08:00-09:05', '09:15-10:20']",7,1444-11-21,08:00 ص - 11:00 ص,['عبدالمجيد ابراهيم سليمان الامير']
111 عال,برمجة حاسبات (1),50798,عملي,ذكر,مفتوحة,"['4', '4']","['01:30-02:35', '02:45-03:50']",---,---,---,['سلطان سعد صالح ال صالح']
111 عال,برمجة حاسبات (1),20479,عملي,ذكر,مفتوحة,"['2', '2']","['10:30-11:35', '11:45-12:50']",---,---,---,['سلطان سعد صالح ال صالح']
111 عال,برمجة حاسبات (1),20480,تمارين,ذكر,مفتوحة,['4'],['09:15-10:20'],---,---,---,['عبدالمجيد ابراهيم سليمان الامير']
111 عال,برمجة حاسبات (1),20487,محاضرة,4,ذكر,['135'],['08:00-09:05'],7,1444-11-21,08:00 ص - 11:00 ص,['وسام عاطف خالد حتامله']
111 عال,برمجة حاسبات (1),20488,عملي,ذكر,مفتوحة,"['4', '4']","['08:00-09:05', '09:15-10:20']",---,---,---,['وسام عاطف خالد حتامله']
111 عال,برمجة حاسبات (1),20489,تمارين,ذكر,مفتوحة,['3'],['10:30-11:35'],---,---,---,['سلطان سعد صالح ال صالح']
111 عال,برمجة حاسبات (1),50799,عملي,ذكر,مفتوحة,"['4', '4']","['10:30-11:35', '11:45-12:50']",---,---,---,['سعد عبدالعزيز عبدالرحمن اليوسف']
111 عال,برمجة حاسبات (1),20506,محاضرة,4,ذكر,"['24', '4']","['10:30-11:35', '11:45-12:50']",7,1444-11-21,08:00 ص - 11:00 ص,['عبدالمجيد ابراهيم سليمان الامير']
111 عال,برمجة حاسبات (1),50845,عملي,ذكر,مفتوحة,"['4', '4']","['01:30-02:35', '02:45-03:50']",---,---,---,['بندر ابراهيم محمد الفياض']
111 عال,برمجة حاسبات (1),20508,تمارين,ذكر,مفتوحة,['2'],['11:45-12:50'],---,---,---,['عبدالمجيد ابراهيم سليمان الامير']
111 عال,برمجة حاسبات (1),20507,عملي,ذكر,مفتوحة,"['5', '5']","['01:30-02:35', '02:45-03:50']",---,---,---,['بندر ابراهيم محمد الفياض']
111 عال,برمجة حاسبات (1),30297,محاضرة,4,ذكر,['135'],['09:15-10:20'],7,1444-11-21,08:00 ص - 11:00 ص,['مراد مدني بوشناق']
111 عال,برمجة حاسبات (1),30298,عملي,ذكر,مفتوحة,"['2', '2']","['01:30-02:35', '02:45-03:50']",---,---,---,['سلطان سعد صالح ال صالح']
111 عال,برمجة حاسبات (1),30299,تمارين,ذكر,مفتوحة,['5'],['08:00-09:05'],---,---,---,['مراد مدني بوشناق']
111 عال,برمجة حاسبات (1),50846,عملي,ذكر,مفتوحة,"['1', '1']","['01:30-02:35', '02:45-03:50']",---,---,---,['مروان محمد خلف الميمونى']
111 عال,برمجة حاسبات (1),32555,محاضرة,4,ذكر,['135'],['10:30-11:35'],7,1444-11-21,08:00 ص - 11:00 ص,['مراد مدني بوشناق']
111 عال,برمجة حاسبات (1),32557,تمارين,ذكر,مفتوحة,['1'],['08:00-09:05'],---,---,---,['مراد مدني بوشناق']
111 عال,برمجة حاسبات (1),50848,عملي,ذكر,مفتوحة,"['5', '5']","['04:00-05:05', '05:15-06:20']",---,---,---,['بندر ابراهيم محمد الفياض']
111 عال,برمجة حاسبات (1),32556,عملي,ذكر,مفتوحة,"['2', '2']","['01:30-02:35', '02:45-03:50']",---,---,---,['بندر ابراهيم محمد الفياض']
111 عال,برمجة حاسبات (1),35922,محاضرة,4,ذكر,"['2', '24']","['08:00-09:05', '09:15-10:20']",7,1444-11-21,08:00 ص - 11:00 ص,['سعد مسعود مسعود ايجاد']
111 عال,برمجة حاسبات (1),50796,عملي,ذكر,مفتوحة,"['2', '2']","['10:30-11:35', '11:45-12:50']",---,---,---,['بندر ابراهيم محمد الفياض']
111 عال,برمجة حاسبات (1),35923,عملي,ذكر,مفتوحة,"['4', '4']","['10:30-11:35', '11:45-12:50']",---,---,---,['سلطان سعد صالح ال صالح']
111 عال,برمجة حاسبات (1),35924,تمارين,ذكر,مفتوحة,['4'],['08:00-09:05'],---,---,---,['سلطان سعد صالح ال صالح']
111 عال,برمجة حاسبات (1),82506,محاضرة,4,ذكر,['135'],['09:15-10:20'],7,1444-11-21,08:00 ص - 11:00 ص,['لم يحدد من الكلية']
111 عال,برمجة حاسبات (1),82521,عملي,ذكر,مغلقة,"['5', '5']","['10:30-11:35', '11:45-12:50']",---,---,---,['لم يحدد من الكلية']
111 عال,برمجة حاسبات (1),82508,تمارين,ذكر,مغلقة,['3'],['11:45-12:50'],---,---,---,['لم يحدد من الكلية']
111 عال,برمجة حاسبات (1),82507,عملي,ذكر,مغلقة,"['2', '2']","['08:00-09:05', '09:15-10:20']",---,---,---,['لم يحدد من الكلية']
484 عال,استعادة المعلومات,82333,محاضرة,3,ذكر,"['24', '2']","['04:00-05:05', '05:15-06:20']",5,1444-11-26,01:00 م - 03:00 م,['محمد احمد محمد القعود']
484 عال,استعادة المعلومات,82334,تمارين,ذكر,مفتوحة,['4'],['05:15-06:20'],---,---,---,['محمد احمد محمد القعود']
999 هاب,التدريب العملي,32768,تدريب,1,ذكر,[''],[],---,---,---,['لم يحدد من الكلية']
476 عال,الرسومات باستخدام الحاسب,82399,محاضرة,3,ذكر,"['24', '2']","['01:30-02:35', '02:45-03:50']",3,1444-12-02,01:00 م - 03:00 م,['عبدالمنعم محمدعلي محمد حسن ارتولى']
476 عال,الرسومات باستخدام الحاسب,82400,تمارين,ذكر,مفتوحة,['4'],['02:45-03:50'],---,---,---,['عبدالمنعم محمدعلي محمد حسن ارتولى']
478 عال,معالجة وتحليل الصور الرقمية,77819,محاضرة,3,ذكر,"['13', '1']","['01:30-02:35', '02:45-03:50']",7,1444-11-28,08:00 ص - 11:00 ص,['محمد حسن ولي حسين']
478 عال,معالجة وتحليل الصور الرقمية,77821,تمارين,ذكر,مفتوحة,['3'],['02:45-03:50'],---,---,---,['محمد حسن ولي حسين']
482 نال,الأعمال الالكترونية,20305,محاضرة,3,ذكر,"['24', '4']","['10:30-11:35', '11:45-12:50']",1,1444-11-22,08:00 ص - 11:00 ص,['محمد باسل عبدالقادر المكينزي']
482 نال,الأعمال الالكترونية,20306,تمارين,ذكر,مفتوحة,['2'],['11:45-12:50'],---,---,---,['يزيد علي منصور الجربوع']
493 نال,امن المعلومات,30586,محاضرة,3,ذكر,"['24', '4']","['01:30-02:35', '02:45-03:50']",2,1444-12-01,01:00 م - 04:00 م,['محمد مهدي حسن']
493 نال,امن المعلومات,30587,تمارين,ذكر,مفتوحة,['4'],['04:00-05:05'],---,---,---,['يزيد علي منصور الجربوع']
303 هال,اتصالات وشبكات الحاسب,30330,محاضرة,3,ذكر,['135'],['08:00-09:05'],4,1444-11-25,08:00 ص - 11:00 ص,['نايف صالح عبدالعزيز المخضوب']
303 هال,اتصالات وشبكات الحاسب,30331,تمارين,ذكر,مفتوحة,['3'],['01:30-02:35'],---,---,---,['نايف صالح عبدالعزيز المخضوب']
303 هال,اتصالات وشبكات الحاسب,64232,محاضرة,3,ذكر,['135'],['09:15-10:20'],4,1444-11-25,08:00 ص - 11:00 ص,['وليد خالد مقبل الغانم']
303 هال,اتصالات وشبكات الحاسب,64233,تمارين,ذكر,مفتوحة,['2'],['01:30-02:35'],---,---,---,['وليد خالد مقبل الغانم']
303 هال,اتصالات وشبكات الحاسب,86290,محاضرة,3,ذكر,['135'],['11:45-12:50'],4,1444-11-25,08:00 ص - 11:00 ص,['رضا بن محمد الطيب عوني']
303 هال,اتصالات وشبكات الحاسب,86291,تمارين,ذكر,مفتوحة,['3'],['01:30-02:35'],---,---,---,['رضا بن محمد الطيب عوني']
140 حدق,علم الإحياء الدقيقة,81391,محاضرة,3,ذكر,['13'],['11:45-12:50'],3,1444-12-02,10:30 ص - 12:30 م,['تركى محمد صالح الداود']
140 حدق,علم الإحياء الدقيقة,81393,عملي,ذكر,مفتوحة,"['1', '1']","['01:30-02:35', '02:45-03:50']",---,---,---,['لم يحدد من الكلية']
140 حدق,علم الإحياء الدقيقة,81392,عملي,ذكر,مفتوحة,"['1', '1']","['01:30-02:35', '02:45-03:50']",---,---,---,['لم يحدد من الكلية']
140 حدق,علم الإحياء الدقيقة,82071,محاضرة,3,ذكر,['13'],['01:30-02:35'],3,1444-12-02,10:30 ص - 12:30 م,['جمال محمد علي خالد']
140 حدق,علم الإحياء الدقيقة,82072,عملي,ذكر,مفتوحة,"['4', '4']","['08:00-09:05', '09:15-10:20']",---,---,---,['لم يحدد من الكلية']
140 حدق,علم الإحياء الدقيقة,82073,عملي,ذكر,مفتوحة,"['2', '2']","['01:30-02:35', '02:45-03:50']",---,---,---,['لم يحدد من الكلية']
140 حدق,علم الإحياء الدقيقة,82214,محاضرة,3,ذكر,['13'],['10:30-11:35'],3,1444-12-02,10:30 ص - 12:30 م,['محمد عبداللطيف الطيب علي']
140 حدق,علم الإحياء الدقيقة,82256,عملي,ذكر,مفتوحة,"['4', '4']","['08:00-09:05', '09:15-10:20']",---,---,---,['لم يحدد من الكلية']
140 حدق,علم الإحياء الدقيقة,82215,عملي,ذكر,مفتوحة,"['4', '4']","['08:00-09:05', '09:15-10:20']",---,---,---,['لم يحدد من الكلية']
140 حدق,علم الإحياء الدقيقة,82455,محاضرة,3,ذكر,['13'],['10:30-11:35'],3,1444-12-02,10:30 ص - 12:30 م,['صالح حسين سعيد سالمين']
140 حدق,علم الإحياء الدقيقة,82457,عملي,ذكر,مفتوحة,"['2', '2']","['10:30-11:35', '11:45-12:50']",---,---,---,['لم يحدد من الكلية']
140 حدق,علم الإحياء الدقيقة,82456,عملي,ذكر,مفتوحة,"['2', '2']","['10:30-11:35', '11:45-12:50']",---,---,---,['لم يحدد من الكلية']
200 مال,مبادئ المالية,30154,محاضرة,3,ذكر,"['24', '4']","['10:30-11:35', '11:45-12:50']",4,1444-11-25,01:00 م - 03:00 م,['لم يحدد من الكلية']
200 مال,مبادئ المالية,31976,محاضرة,3,ذكر,"['24', '4']","['08:00-09:05', '09:15-10:20']",4,1444-11-25,01:00 م - 03:00 م,['لم يحدد من الكلية']
200 مال,مبادئ المالية,32530,محاضرة,3,ذكر,"['13', '3']","['01:30-02:35', '02:45-03:50']",4,1444-11-25,01:00 م - 03:00 م,['لم يحدد من الكلية']
200 مال,مبادئ المالية,37574,محاضرة,3,ذكر,"['13', '3']","['04:00-05:05', '05:15-06:20']",4,1444-11-25,01:00 م - 03:00 م,['لم يحدد من الكلية']
201 جاف,أسس الجيوفيزياء,64382,محاضرة,3,ذكر,['24'],['01:30-02:35'],3,1444-12-02,08:00 ص - 10:00 ص,['لم يحدد من الكلية']
201 جاف,أسس الجيوفيزياء,64383,عملي,ذكر,مفتوحة,"['3', '3']","['02:45-03:50', '04:00-05:05']",---,---,---,['نايف عايض محمد العصيمي العتيبي']
201 جاف,أسس الجيوفيزياء,77025,محاضرة,3,ذكر,['13'],['09:15-10:20'],3,1444-12-02,08:00 ص - 10:00 ص,['لم يحدد من الكلية']
201 جاف,أسس الجيوفيزياء,77026,عملي,ذكر,مفتوحة,"['4', '4']","['09:15-10:20', '10:30-11:35']",---,---,---,['عبدالعزيز بن ظافر بن علي البكري الشهري']
106 سلم,الفقه الطبي,46673,محاضرة,2,ذكر,"['4', '4']","['01:30-02:35', '02:45-03:50']",1,1444-11-15,04:00 م - 06:00 م,['لم يحدد من الكلية']
106 سلم,الفقه الطبي,46696,محاضرة,2,ذكر,"['2', '2']","['05:15-06:20', '06:30-07:35']",1,1444-11-15,04:00 م - 06:00 م,['لم يحدد من الكلية']
106 سلم,الفقه الطبي,46697,محاضرة,2,ذكر,"['1', '1']","['01:30-02:35', '02:45-03:50']",1,1444-11-15,04:00 م - 06:00 م,['لم يحدد من الكلية']
106 سلم,الفقه الطبي,54425,محاضرة,2,ذكر,"['4', '4']","['07:45-08:50', '09:00-10:05']",1,1444-11-15,04:00 م - 06:00 م,['لم يحدد من الكلية']
106 سلم,الفقه الطبي,72746,محاضرة,2,ذكر,"['5', '5']","['10:30-11:35', '11:45-12:50']",1,1444-11-15,04:00 م - 06:00 م,['لم يحدد من الكلية']
106 سلم,الفقه الطبي,82794,محاضرة,2,ذكر,"['3', '3']","['08:00-09:05', '09:15-10:20']",1,1444-11-15,04:00 م - 06:00 م,['لم يحدد من الكلية']
106 سلم,الفقه الطبي,82798,محاضرة,2,ذكر,"['3', '3']","['10:30-11:35', '11:45-12:50']",1,1444-11-15,04:00 م - 06:00 م,['لم يحدد من الكلية']
220 عال,تنظيم الحاسبات,32639,محاضرة,3,ذكر,['13'],['09:15-10:20'],3,1444-12-02,08:00 ص - 11:00 ص,['محمد وكيل احمد']
220 عال,تنظيم الحاسبات,32641,عملي,ذكر,مفتوحة,"['1', '1']","['10:30-11:35', '11:45-12:50']",---,---,---,['محمد وكيل احمد']
220 عال,تنظيم الحاسبات,32640,تمارين,ذكر,مفتوحة,['5'],['09:15-10:20'],---,---,---,['محمد وكيل احمد']
220 عال,تنظيم الحاسبات,32642,محاضرة,3,ذكر,['13'],['10:30-11:35'],3,1444-12-02,08:00 ص - 11:00 ص,['محمدسيف الاسلام محمد نظام الدين']
220 عال,تنظيم الحاسبات,32643,تمارين,ذكر,مفتوحة,['5'],['10:30-11:35'],---,---,---,['محمدسيف الاسلام محمد نظام الدين']
220 عال,تنظيم الحاسبات,32644,عملي,ذكر,مفتوحة,"['4', '4']","['08:00-09:05', '09:15-10:20']",---,---,---,['محمد وكيل احمد']
220 عال,تنظيم الحاسبات,32645,محاضرة,3,ذكر,['13'],['11:45-12:50'],3,1444-12-02,08:00 ص - 11:00 ص,['محمدسيف الاسلام محمد نظام الدين']
220 عال,تنظيم الحاسبات,32646,تمارين,ذكر,مفتوحة,['5'],['11:45-12:50'],---,---,---,['محمدسيف الاسلام محمد نظام الدين']
220 عال,تنظيم الحاسبات,32647,عملي,ذكر,مفتوحة,"['5', '5']","['01:30-02:35', '02:45-03:50']",---,---,---,['محمد وكيل احمد']
220 عال,تنظيم الحاسبات,32651,محاضرة,3,ذكر,['13'],['09:15-10:20'],3,1444-12-02,08:00 ص - 11:00 ص,['محمدسيف الاسلام محمد نظام الدين']
220 عال,تنظيم الحاسبات,32653,عملي,ذكر,مفتوحة,"['5', '5']","['10:30-11:35', '11:45-12:50']",---,---,---,['محمد وكيل احمد']
220 عال,تنظيم الحاسبات,32652,تمارين,ذكر,مفتوحة,['5'],['09:15-10:20'],---,---,---,['محمدسيف الاسلام محمد نظام الدين']
220 عال,تنظيم الحاسبات,85792,محاضرة,3,ذكر,['13'],['08:00-09:05'],3,1444-12-02,08:00 ص - 11:00 ص,['محمدسيف الاسلام محمد نظام الدين']
220 عال,تنظيم الحاسبات,85793,تمارين,ذكر,مفتوحة,['5'],['08:00-09:05'],---,---,---,['محمدسيف الاسلام محمد نظام الدين']
220 عال,تنظيم الحاسبات,85794,عملي,ذكر,مفتوحة,"['3', '3']","['10:30-11:35', '11:45-12:50']",---,---,---,['محمد وكيل احمد']
385 نال,نظم تخطيط موارد المؤسسات,32840,محاضرة,3,ذكر,"['2', '2']","['08:00-09:05', '09:15-10:20']",5,1444-11-26,01:00 م - 04:00 م,['عبدالسلام ابراهيم محمد السنيدى']
385 نال,نظم تخطيط موارد المؤسسات,32841,تمارين,ذكر,مفتوحة,"['4', '4']","['08:00-09:05', '09:15-10:20']",---,---,---,['ياسر على رياض على']
385 نال,نظم تخطيط موارد المؤسسات,37075,محاضرة,3,ذكر,"['2', '2']","['10:30-11:35', '11:45-12:50']",5,1444-11-26,01:00 م - 04:00 م,['عبدالسلام ابراهيم محمد السنيدى']
385 نال,نظم تخطيط موارد المؤسسات,37076,تمارين,ذكر,مفتوحة,"['4', '4']","['10:30-11:35', '11:45-12:50']",---,---,---,['ياسر على رياض على']
385 نال,نظم تخطيط موارد المؤسسات,71672,محاضرة,3,ذكر,"['4', '4']","['10:30-11:35', '11:45-12:50']",5,1444-11-26,01:00 م - 04:00 م,['عبدالسلام ابراهيم محمد السنيدى']
385 نال,نظم تخطيط موارد المؤسسات,71673,تمارين,ذكر,مفتوحة,"['2', '2']","['10:30-11:35', '11:45-12:50']",---,---,---,['ياسر على رياض على']
211 هاب,مدخل الى هندسة البرمجيات,32777,محاضرة,3,ذكر,['135'],['08:00-09:05'],1,1444-11-29,01:00 م - 04:00 م,['زوهير عبدالله شنتوف']
211 هاب,مدخل الى هندسة البرمجيات,32778,تمارين,ذكر,مفتوحة,['5'],['06:30-07:35'],---,---,---,['محمد ناصر محمد ساروار']
211 هاب,مدخل الى هندسة البرمجيات,50998,محاضرة,3,ذكر,['135'],['10:30-11:35'],1,1444-11-29,01:00 م - 04:00 م,['بدر خالد محمد الشميمري']
211 هاب,مدخل الى هندسة البرمجيات,50999,تمارين,ذكر,مفتوحة,['2'],['06:30-07:35'],---,---,---,['محمد ناصر محمد ساروار']
211 هاب,مدخل الى هندسة البرمجيات,67370,محاضرة,3,ذكر,['135'],['11:45-12:50'],1,1444-11-29,01:00 م - 04:00 م,['بدر خالد محمد الشميمري']
211 هاب,مدخل الى هندسة البرمجيات,67371,تمارين,ذكر,مفتوحة,['4'],['02:45-03:50'],---,---,---,['محمد ناصر محمد ساروار']
381 هاب,تطوير تطبيقات الشبكة العنكبوتية,32711,محاضرة,3,ذكر,['135'],['08:00-09:05'],3,1444-11-24,01:00 م - 04:00 م,['أشرف الطيب القزدار']
381 هاب,تطوير تطبيقات الشبكة العنكبوتية,32712,تمارين,ذكر,مفتوحة,['3'],['04:00-05:05'],---,---,---,['محمد ناصر محمد ساروار']
381 هاب,تطوير تطبيقات الشبكة العنكبوتية,37682,محاضرة,3,ذكر,['135'],['10:30-11:35'],3,1444-11-24,01:00 م - 04:00 م,['أشرف الطيب القزدار']
381 هاب,تطوير تطبيقات الشبكة العنكبوتية,37683,تمارين,ذكر,مفتوحة,['3'],['01:30-02:35'],---,---,---,['محمد ناصر محمد ساروار']
312 هاب,هندسة متطلبات البرمجيات,32702,محاضرة,3,ذكر,['135'],['08:00-09:05'],5,1444-11-26,08:00 ص - 11:00 ص,['محسن حمادي الدنقير']
312 هاب,هندسة متطلبات البرمجيات,32703,تمارين,ذكر,مفتوحة,['5'],['02:45-03:50'],---,---,---,['محسن حمادي الدنقير']
312 هاب,هندسة متطلبات البرمجيات,37680,محاضرة,3,ذكر,"['15', '3']","['11:45-12:50', '11:45-12:50']",5,1444-11-26,08:00 ص - 11:00 ص,['محسن حمادي الدنقير']
312 هاب,هندسة متطلبات البرمجيات,37681,تمارين,ذكر,مفتوحة,['5'],['04:00-05:05'],---,---,---,['محسن حمادي الدنقير']
321 هاب,تصميم وعمارة البرمجيات,32717,محاضرة,3,ذكر,['135'],['10:30-11:35'],5,1444-12-04,08:00 ص - 11:00 ص,['زكريا عبدالله عبدالكريم الزامل']
321 هاب,تصميم وعمارة البرمجيات,32718,تمارين,ذكر,مفتوحة,['4'],['04:00-05:05'],---,---,---,['محمد ناصر محمد ساروار']
321 هاب,تصميم وعمارة البرمجيات,83607,محاضرة,3,ذكر,['135'],['08:00-09:05'],5,1444-12-04,08:00 ص - 11:00 ص,['زكريا عبدالله عبدالكريم الزامل']
321 هاب,تصميم وعمارة البرمجيات,83608,تمارين,ذكر,مفتوحة,['2'],['04:00-05:05'],---,---,---,['محمد ناصر محمد ساروار']
333 هاب,ضمان جودة البرمجيات,32713,محاضرة,2,ذكر,['13'],['11:45-12:50'],5,1444-11-26,01:00 م - 04:00 م,['زوهير عبدالله شنتوف']
333 هاب,ضمان جودة البرمجيات,32714,تمارين,ذكر,مفتوحة,['5'],['05:15-06:20'],---,---,---,['محمد ناصر محمد ساروار']
333 هاب,ضمان جودة البرمجيات,32715,محاضرة,2,ذكر,['13'],['10:30-11:35'],5,1444-11-26,01:00 م - 04:00 م,['زوهير عبدالله شنتوف']
333 هاب,ضمان جودة البرمجيات,32716,تمارين,ذكر,مفتوحة,['5'],['10:30-11:35'],---,---,---,['محمد ناصر محمد ساروار']
466 هاب,ادارة مشاريع البرمجيات,32696,محاضرة,3,ذكر,"['1', '35']","['11:45-12:50', '11:45-12:50']",4,1444-11-25,08:00 ص - 11:00 ص,['عبدالعزيز عمر عبدالله السدحان']
466 هاب,ادارة مشاريع البرمجيات,32697,تمارين,ذكر,مفتوحة,['1'],['04:00-05:05'],---,---,---,['محمد ناصر محمد ساروار']
466 هاب,ادارة مشاريع البرمجيات,32698,محاضرة,3,ذكر,['135'],['10:30-11:35'],4,1444-11-25,08:00 ص - 11:00 ص,['عبدالعزيز عمر عبدالله السدحان']
466 هاب,ادارة مشاريع البرمجيات,32699,تمارين,ذكر,مفتوحة,['1'],['05:15-06:20'],---,---,---,['محمد ناصر محمد ساروار']
482 هاب,تفاعلية بين الانسان والحاسب,73339,محاضرة,3,ذكر,"['2', '24']","['08:00-09:05', '09:15-10:20']",3,1444-11-24,01:00 م - 04:00 م,['محمد عبدالله الودود']
482 هاب,تفاعلية بين الانسان والحاسب,73340,تمارين,ذكر,مفتوحة,['4'],['08:00-09:05'],---,---,---,['محمد عبدالله الودود']
482 هاب,تفاعلية بين الانسان والحاسب,73341,محاضرة,3,ذكر,"['24', '2']","['10:30-11:35', '11:45-12:50']",3,1444-11-24,01:00 م - 04:00 م,['محمد عبدالله الودود']
482 هاب,تفاعلية بين الانسان والحاسب,73342,تمارين,ذكر,مفتوحة,['4'],['11:45-12:50'],---,---,---,['محمد عبدالله الودود']
472 نال,الصحة الإلكترونية,71671,محاضرة,3,ذكر,['135'],['11:45-12:50'],2,1444-11-23,08:00 ص - 11:00 ص,['محمد شعيب رحيم الدين']
481 هاب,هندسة تطبيقات الشبكة العنكبوتية المتطورة,42982,محاضرة,3,ذكر,['135'],['10:30-11:35'],1,1444-11-29,01:00 م - 04:00 م,['فضل امين حميد امين صوفي']
481 هاب,هندسة تطبيقات الشبكة العنكبوتية المتطورة,42983,تمارين,ذكر,مفتوحة,['4'],['06:30-07:35'],---,---,---,['فضل امين حميد امين صوفي']
434 هاب,الاختبار والتحقق من البرمجيات,47161,محاضرة,3,ذكر,['135'],['09:15-10:20'],5,1444-11-26,08:00 ص - 11:00 ص,['محمدشاميم حبيب الله نزول اسلام حسين']
434 هاب,الاختبار والتحقق من البرمجيات,47162,تمارين,ذكر,مفتوحة,['5'],['11:45-12:50'],---,---,---,['محمد ناصر محمد ساروار']
455 هاب,صيانة وتطور البرمجيات,32748,محاضرة,2,ذكر,"['4', '4']","['10:30-11:35', '11:45-12:50']",7,1444-11-28,08:00 ص - 11:00 ص,['احمد محمد على غنيم']
455 هاب,صيانة وتطور البرمجيات,32749,تمارين,ذكر,مفتوحة,['4'],['01:30-02:35'],---,---,---,['احمد محمد على غنيم']
455 هاب,صيانة وتطور البرمجيات,32750,محاضرة,2,ذكر,"['2', '2']","['10:30-11:35', '11:45-12:50']",7,1444-11-28,08:00 ص - 11:00 ص,['احمد محمد على غنيم']
455 هاب,صيانة وتطور البرمجيات,32751,تمارين,ذكر,مفتوحة,['2'],['07:45-08:50'],---,---,---,['احمد محمد على غنيم']
477 هاب,الاخلاقيات والممارسة المهنية في هندسة البرمجيات,32747,محاضرة,2,ذكر,['13'],['11:45-12:50'],2,1444-11-23,01:00 م - 04:00 م,['خالد ناصر حماد المتعب']
477 هاب,الاخلاقيات والممارسة المهنية في هندسة البرمجيات,45942,محاضرة,2,ذكر,['13'],['10:30-11:35'],2,1444-11-23,01:00 م - 04:00 م,['خالد ناصر حماد المتعب']
496 هاب,مشروع تخرج -1,32760,مشروع,3,ذكر,[''],[],---,---,---,['لم يحدد من الكلية']
496 هاب,مشروع تخرج -1,32762,مشروع,3,ذكر,[''],[],---,---,---,['لم يحدد من الكلية']
496 هاب,مشروع تخرج -1,32763,مشروع,3,ذكر,[''],[],---,---,---,['لم يحدد من الكلية']
496 هاب,مشروع تخرج -1,33651,مشروع,3,ذكر,[''],[],---,---,---,['لم يحدد من الكلية']
496 هاب,مشروع تخرج -1,46285,مشروع,3,ذكر,[''],[],---,---,---,['لم يحدد من الكلية']
496 هاب,مشروع تخرج -1,81880,مشروع,3,ذكر,[''],[],---,---,---,['لم يحدد من الكلية']
496 هاب,مشروع تخرج -1,81881,مشروع,3,ذكر,[''],[],---,---,---,['لم يحدد من الكلية']
496 هاب,مشروع تخرج -1,86379,مشروع,3,ذكر,[''],[],---,---,---,['لم يحدد من الكلية']
496 هاب,مشروع تخرج -1,86380,مشروع,3,ذكر,[''],[],---,---,---,['لم يحدد من الكلية']
496 هاب,مشروع تخرج -1,86381,مشروع,3,ذكر,[''],[],---,---,---,['لم يحدد من الكلية']
496 هاب,مشروع تخرج -1,86382,مشروع,3,ذكر,[''],[],---,---,---,['لم يحدد من الكلية']
496 هاب,مشروع تخرج -1,86383,مشروع,3,ذكر,[''],[],---,---,---,['لم يحدد من الكلية']
496 هاب,مشروع تخرج -1,86384,مشروع,3,ذكر,[''],[],---,---,---,['لم يحدد من الكلية']
496 هاب,مشروع تخرج -1,86385,مشروع,3,ذكر,[''],[],---,---,---,['لم يحدد من الكلية']
496 هاب,مشروع تخرج -1,86386,مشروع,3,ذكر,[''],[],---,---,---,['لم يحدد من الكلية']
485 هاب,موضوعات مختارة في هندسة البرمجيات,86273,محاضرة,3,ذكر,"['24', '2']","['01:30-02:35', '02:45-03:50']",2,1444-11-23,08:00 ص - 11:00 ص,['مبارك راشد عبدالله ال رشود']
485 هاب,موضوعات مختارة في هندسة البرمجيات,86274,تمارين,ذكر,مفتوحة,['4'],['02:45-03:50'],---,---,---,['مبارك راشد عبدالله ال رشود']
497 هاب,مشروع تخرج -2,32764,مشروع,3,ذكر,[''],[],---,---,---,['لم يحدد من الكلية']
497 هاب,مشروع تخرج -2,32765,مشروع,3,ذكر,[''],[],---,---,---,['لم يحدد من الكلية']
497 هاب,مشروع تخرج -2,32766,مشروع,3,ذكر,[''],[],---,---,---,['لم يحدد من الكلية']
497 هاب,مشروع تخرج -2,32767,مشروع,3,ذكر,[''],[],---,---,---,['لم يحدد من الكلية']
497 هاب,مشروع تخرج -2,33639,مشروع,3,ذكر,[''],[],---,---,---,['لم يحدد من الكلية']
497 هاب,مشروع تخرج -2,33641,مشروع,3,ذكر,[''],[],---,---,---,['لم يحدد من الكلية']
497 هاب,مشروع تخرج -2,33642,مشروع,3,ذكر,[''],[],---,---,---,['لم يحدد من الكلية']
497 هاب,مشروع تخرج -2,33643,مشروع,3,ذكر,[''],[],---,---,---,['لم يحدد من الكلية']
497 هاب,مشروع تخرج -2,33644,مشروع,3,ذكر,[''],[],---,---,---,['لم يحدد من الكلية']
497 هاب,مشروع تخرج -2,33646,مشروع,3,ذكر,[''],[],---,---,---,['لم يحدد من الكلية']
497 هاب,مشروع تخرج -2,33647,مشروع,3,ذكر,[''],[],---,---,---,['لم يحدد من الكلية']
497 هاب,مشروع تخرج -2,34342,مشروع,3,ذكر,[''],[],---,---,---,['لم يحدد من الكلية']
497 هاب,مشروع تخرج -2,34343,مشروع,3,ذكر,[''],[],---,---,---,['لم يحدد من الكلية']
497 هاب,مشروع تخرج -2,66707,مشروع,3,ذكر,[''],[],---,---,---,['لم يحدد من الكلية']
497 هاب,مشروع تخرج -2,81875,مشروع,3,ذكر,[''],[],---,---,---,['لم يحدد من الكلية']
497 هاب,مشروع تخرج -2,81876,مشروع,3,ذكر,[''],[],---,---,---,['لم يحدد من الكلية']
107 سلم,اخلاقيات المهنة,42724,محاضرة,2,ذكر,"['1', '1']","['04:00-05:05', '05:15-06:20']",2,1444-11-16,04:00 م - 06:00 م,['لم يحدد من الكلية']
107 سلم,اخلاقيات المهنة,42725,محاضرة,2,ذكر,"['2', '2']","['10:30-11:35', '11:45-12:50']",2,1444-11-16,04:00 م - 06:00 م,['لم يحدد من الكلية']
107 سلم,اخلاقيات المهنة,42728,محاضرة,2,ذكر,"['2', '2']","['01:30-02:35', '02:45-03:50']",2,1444-11-16,04:00 م - 06:00 م,['لم يحدد من الكلية']
107 سلم,اخلاقيات المهنة,42731,محاضرة,2,ذكر,"['4', '4']","['08:00-09:05', '09:15-10:20']",2,1444-11-16,04:00 م - 06:00 م,['لم يحدد من الكلية']
107 سلم,اخلاقيات المهنة,42733,محاضرة,2,ذكر,"['4', '4']","['01:30-02:35', '02:45-03:50']",2,1444-11-16,04:00 م - 06:00 م,['لم يحدد من الكلية']
107 سلم,اخلاقيات المهنة,46657,محاضرة,2,ذكر,"['4', '4']","['01:30-02:35', '02:45-03:50']",2,1444-11-16,04:00 م - 06:00 م,['لم يحدد من الكلية']
107 سلم,اخلاقيات المهنة,46658,محاضرة,2,ذكر,"['2', '2']","['05:15-06:20', '06:30-07:35']",2,1444-11-16,04:00 م - 06:00 م,['لم يحدد من الكلية']
107 سلم,اخلاقيات المهنة,46660,محاضرة,2,ذكر,"['1', '1']","['01:30-02:35', '02:45-03:50']",2,1444-11-16,04:00 م - 06:00 م,['لم يحدد من الكلية']
107 سلم,اخلاقيات المهنة,46674,محاضرة,2,ذكر,"['3', '3']","['10:30-11:35', '11:45-12:50']",2,1444-11-16,04:00 م - 06:00 م,['لم يحدد من الكلية']
107 سلم,اخلاقيات المهنة,46681,محاضرة,2,ذكر,"['5', '5']","['01:30-02:35', '02:45-03:50']",2,1444-11-16,04:00 م - 06:00 م,['لم يحدد من الكلية']
107 سلم,اخلاقيات المهنة,46687,محاضرة,2,ذكر,"['2', '2']","['08:00-09:05', '09:15-10:20']",2,1444-11-16,04:00 م - 06:00 م,['لم يحدد من الكلية']
107 سلم,اخلاقيات المهنة,46688,محاضرة,2,ذكر,"['1', '1']","['06:30-07:35', '07:45-08:50']",2,1444-11-16,04:00 م - 06:00 م,['لم يحدد من الكلية']
107 سلم,اخلاقيات المهنة,46705,محاضرة,2,ذكر,"['2', '2']","['08:00-09:05', '09:15-10:20']",2,1444-11-16,04:00 م - 06:00 م,['لم يحدد من الكلية']
107 سلم,اخلاقيات المهنة,46786,محاضرة,2,ذكر,"['3', '3']","['08:00-09:05', '09:15-10:20']",2,1444-11-16,04:00 م - 06:00 م,['لم يحدد من الكلية']
107 سلم,اخلاقيات المهنة,46915,محاضرة,2,ذكر,"['2', '2']","['01:30-02:35', '02:45-03:50']",2,1444-11-16,04:00 م - 06:00 م,['لم يحدد من الكلية']
107 سلم,اخلاقيات المهنة,46916,محاضرة,2,ذكر,"['4', '4']","['01:30-02:35', '02:45-03:50']",2,1444-11-16,04:00 م - 06:00 م,['لم يحدد من الكلية']
107 سلم,اخلاقيات المهنة,46917,محاضرة,2,ذكر,"['2', '2']","['08:00-09:05', '09:15-10:20']",2,1444-11-16,04:00 م - 06:00 م,['لم يحدد من الكلية']
107 سلم,اخلاقيات المهنة,46919,محاضرة,2,ذكر,"['1', '1']","['04:00-05:05', '05:15-06:20']",2,1444-11-16,04:00 م - 06:00 م,['لم يحدد من الكلية']
107 سلم,اخلاقيات المهنة,46921,محاضرة,2,ذكر,"['3', '3']","['01:30-02:35', '02:45-03:50']",2,1444-11-16,04:00 م - 06:00 م,['لم يحدد من الكلية']
107 سلم,اخلاقيات المهنة,46922,محاضرة,2,ذكر,"['3', '3']","['08:00-09:05', '09:15-10:20']",2,1444-11-16,04:00 م - 06:00 م,['لم يحدد من الكلية']
107 سلم,اخلاقيات المهنة,47210,محاضرة,2,ذكر,"['2', '2']","['01:30-02:35', '02:45-03:50']",2,1444-11-16,04:00 م - 06:00 م,['لم يحدد من الكلية']
107 سلم,اخلاقيات المهنة,49386,محاضرة,2,ذكر,"['3', '3']","['10:30-11:35', '11:45-12:50']",2,1444-11-16,04:00 م - 06:00 م,['لم يحدد من الكلية']
107 سلم,اخلاقيات المهنة,53561,محاضرة,2,ذكر,"['2', '2']","['08:00-09:05', '09:15-10:20']",2,1444-11-16,04:00 م - 06:00 م,['لم يحدد من الكلية']
107 سلم,اخلاقيات المهنة,53796,محاضرة,2,ذكر,"['1', '1']","['01:30-02:35', '02:45-03:50']",2,1444-11-16,04:00 م - 06:00 م,['لم يحدد من الكلية']
107 سلم,اخلاقيات المهنة,54420,محاضرة,2,ذكر,"['4', '4']","['01:30-02:35', '02:45-03:50']",2,1444-11-16,04:00 م - 06:00 م,['لم يحدد من الكلية']
107 سلم,اخلاقيات المهنة,54493,محاضرة,2,ذكر,"['3', '3']","['04:00-05:05', '05:15-06:20']",2,1444-11-16,04:00 م - 06:00 م,['لم يحدد من الكلية']
107 سلم,اخلاقيات المهنة,56417,محاضرة,2,ذكر,"['4', '4']","['08:00-09:05', '09:15-10:20']",2,1444-11-16,04:00 م - 06:00 م,['لم يحدد من الكلية']
107 سلم,اخلاقيات المهنة,57147,محاضرة,2,ذكر,"['4', '4']","['01:30-02:35', '02:45-03:50']",2,1444-11-16,04:00 م - 06:00 م,['لم يحدد من الكلية']
107 سلم,اخلاقيات المهنة,57643,محاضرة,2,ذكر,"['2', '2']","['08:00-09:05', '09:15-10:20']",2,1444-11-16,04:00 م - 06:00 م,['لم يحدد من الكلية']
107 سلم,اخلاقيات المهنة,57644,محاضرة,2,ذكر,"['5', '5']","['01:30-02:35', '02:45-03:50']",2,1444-11-16,04:00 م - 06:00 م,['لم يحدد من الكلية']
107 سلم,اخلاقيات المهنة,58564,محاضرة,2,ذكر,"['2', '2']","['01:30-02:35', '02:45-03:50']",2,1444-11-16,04:00 م - 06:00 م,['لم يحدد من الكلية']
107 سلم,اخلاقيات المهنة,67828,محاضرة,2,ذكر,"['1', '1']","['10:30-11:35', '11:45-12:50']",2,1444-11-16,04:00 م - 06:00 م,['لم يحدد من الكلية']
107 سلم,اخلاقيات المهنة,76993,محاضرة,2,ذكر,"['4', '4']","['01:30-02:35', '02:45-03:50']",2,1444-11-16,04:00 م - 06:00 م,['لم يحدد من الكلية']
107 سلم,اخلاقيات المهنة,76996,محاضرة,2,ذكر,"['2', '2']","['08:00-09:05', '09:15-10:20']",2,1444-11-16,04:00 م - 06:00 م,['لم يحدد من الكلية']
107 سلم,اخلاقيات المهنة,76997,محاضرة,2,ذكر,"['3', '3']","['10:30-11:35', '11:45-12:50']",2,1444-11-16,04:00 م - 06:00 م,['لم يحدد من الكلية']
107 سلم,اخلاقيات المهنة,76998,محاضرة,2,ذكر,"['1', '1']","['01:30-02:35', '02:45-03:50']",2,1444-11-16,04:00 م - 06:00 م,['لم يحدد من الكلية']
107 سلم,اخلاقيات المهنة,76999,محاضرة,2,ذكر,"['4', '4']","['04:00-05:05', '05:15-06:20']",2,1444-11-16,04:00 م - 06:00 م,['لم يحدد من الكلية']
107 سلم,اخلاقيات المهنة,77000,محاضرة,2,ذكر,"['4', '4']","['01:30-02:35', '02:45-03:50']",2,1444-11-16,04:00 م - 06:00 م,['لم يحدد من الكلية']
107 سلم,اخلاقيات المهنة,77001,محاضرة,2,ذكر,"['1', '1']","['01:30-02:35', '02:45-03:50']",2,1444-11-16,04:00 م - 06:00 م,['لم يحدد من الكلية']
107 سلم,اخلاقيات المهنة,77002,محاضرة,2,ذكر,"['2', '2']","['08:00-09:05', '09:15-10:20']",2,1444-11-16,04:00 م - 06:00 م,['لم يحدد من الكلية']
107 سلم,اخلاقيات المهنة,77003,محاضرة,2,ذكر,"['1', '1']","['04:00-05:05', '05:15-06:20']",2,1444-11-16,04:00 م - 06:00 م,['لم يحدد من الكلية']
107 سلم,اخلاقيات المهنة,77004,محاضرة,2,ذكر,"['5', '5']","['10:30-11:35', '11:45-12:50']",2,1444-11-16,04:00 م - 06:00 م,['لم يحدد من الكلية']
122 بحث,مقدمة في بحوث العمليات,34243,محاضرة,3,ذكر,"['2', '2']","['08:00-09:05', '09:15-10:20']",3,1444-12-02,08:00 ص - 11:00 ص,['عبدالرزاق عبدالغفار']
122 بحث,مقدمة في بحوث العمليات,34244,تمارين,ذكر,مفتوحة,"['4', '4']","['08:00-09:05', '09:15-10:20']",---,---,---,['عبدالرزاق عبدالغفار']
105 سلم,حقوق الإنسان,46672,محاضرة,2,ذكر,"['1', '1']","['10:30-11:35', '11:45-12:50']",4,1444-11-18,04:00 م - 06:00 م,['لم يحدد من الكلية']
105 سلم,حقوق الإنسان,46680,محاضرة,2,ذكر,"['3', '3']","['01:30-02:35', '02:45-03:50']",4,1444-11-18,04:00 م - 06:00 م,['لم يحدد من الكلية']
105 سلم,حقوق الإنسان,46686,محاضرة,2,ذكر,"['4', '4']","['04:00-05:05', '05:15-06:20']",4,1444-11-18,04:00 م - 06:00 م,['لم يحدد من الكلية']
105 سلم,حقوق الإنسان,46782,محاضرة,2,ذكر,"['2', '2']","['10:30-11:35', '11:45-12:50']",4,1444-11-18,04:00 م - 06:00 م,['لم يحدد من الكلية']
105 سلم,حقوق الإنسان,46783,محاضرة,2,ذكر,"['5', '5']","['08:00-09:05', '09:15-10:20']",4,1444-11-18,04:00 م - 06:00 م,['لم يحدد من الكلية']
105 سلم,حقوق الإنسان,46784,محاضرة,2,ذكر,"['1', '1']","['01:30-02:35', '02:45-03:50']",4,1444-11-18,04:00 م - 06:00 م,['لم يحدد من الكلية']
105 سلم,حقوق الإنسان,46837,محاضرة,2,ذكر,"['3', '3']","['07:45-08:50', '09:00-10:05']",4,1444-11-18,04:00 م - 06:00 م,['لم يحدد من الكلية']
105 سلم,حقوق الإنسان,47211,محاضرة,2,ذكر,"['4', '4']","['01:30-02:35', '02:45-03:50']",4,1444-11-18,04:00 م - 06:00 م,['لم يحدد من الكلية']
105 سلم,حقوق الإنسان,49389,محاضرة,2,ذكر,"['4', '4']","['08:00-09:05', '09:15-10:20']",4,1444-11-18,04:00 م - 06:00 م,['لم يحدد من الكلية']
105 سلم,حقوق الإنسان,49390,محاضرة,2,ذكر,"['2', '2']","['10:30-11:35', '11:45-12:50']",4,1444-11-18,04:00 م - 06:00 م,['لم يحدد من الكلية']
105 سلم,حقوق الإنسان,53795,محاضرة,2,ذكر,"['5', '5']","['08:00-09:05', '09:15-10:20']",4,1444-11-18,04:00 م - 06:00 م,['لم يحدد من الكلية']
105 سلم,حقوق الإنسان,54492,محاضرة,2,ذكر,"['1', '1']","['01:30-02:35', '02:45-03:50']",4,1444-11-18,04:00 م - 06:00 م,['لم يحدد من الكلية']
105 سلم,حقوق الإنسان,55729,محاضرة,2,ذكر,"['2', '2']","['01:30-02:35', '02:45-03:50']",4,1444-11-18,04:00 م - 06:00 م,['لم يحدد من الكلية']
105 سلم,حقوق الإنسان,57145,محاضرة,2,ذكر,"['2', '2']","['01:30-02:35', '02:45-03:50']",4,1444-11-18,04:00 م - 06:00 م,['لم يحدد من الكلية']
105 سلم,حقوق الإنسان,67316,محاضرة,2,ذكر,"['2', '2']","['01:30-02:35', '02:45-03:50']",4,1444-11-18,04:00 م - 06:00 م,['لم يحدد من الكلية']
105 سلم,حقوق الإنسان,67374,محاضرة,2,ذكر,"['3', '3']","['04:00-05:05', '05:15-06:20']",4,1444-11-18,04:00 م - 06:00 م,['لم يحدد من الكلية']
105 سلم,حقوق الإنسان,76988,محاضرة,2,ذكر,"['2', '2']","['08:00-09:05', '09:15-10:20']",4,1444-11-18,04:00 م - 06:00 م,['لم يحدد من الكلية']
105 سلم,حقوق الإنسان,76989,محاضرة,2,ذكر,"['3', '3']","['05:15-06:20', '06:30-07:35']",4,1444-11-18,04:00 م - 06:00 م,['لم يحدد من الكلية']
105 سلم,حقوق الإنسان,76990,محاضرة,2,ذكر,"['2', '2']","['10:30-11:35', '11:45-12:50']",4,1444-11-18,04:00 م - 06:00 م,['لم يحدد من الكلية']
105 سلم,حقوق الإنسان,76991,محاضرة,2,ذكر,"['2', '2']","['10:30-11:35', '11:45-12:50']",4,1444-11-18,04:00 م - 06:00 م,['لم يحدد من الكلية']
105 سلم,حقوق الإنسان,76992,محاضرة,2,ذكر,"['3', '3']","['10:30-11:35', '11:45-12:50']",4,1444-11-18,04:00 م - 06:00 م,['لم يحدد من الكلية']
105 سلم,حقوق الإنسان,82787,محاضرة,2,ذكر,"['1', '1']","['08:00-09:05', '09:15-10:20']",4,1444-11-18,04:00 م - 06:00 م,['لم يحدد من الكلية']
105 سلم,حقوق الإنسان,82788,محاضرة,2,ذكر,"['1', '1']","['10:30-11:35', '11:45-12:50']",4,1444-11-18,04:00 م - 06:00 م,['لم يحدد من الكلية']
108 سلم,قضايا معاصرة,46689,محاضرة,2,ذكر,"['5', '5']","['04:00-05:05', '05:15-06:20']",3,1444-11-17,04:00 م - 06:00 م,['لم يحدد من الكلية']
108 سلم,قضايا معاصرة,46690,محاضرة,2,ذكر,"['4', '4']","['01:30-02:35', '02:45-03:50']",3,1444-11-17,04:00 م - 06:00 م,['لم يحدد من الكلية']
108 سلم,قضايا معاصرة,46706,محاضرة,2,ذكر,"['4', '4']","['04:00-05:05', '05:15-06:20']",3,1444-11-17,04:00 م - 06:00 م,['لم يحدد من الكلية']
108 سلم,قضايا معاصرة,46926,محاضرة,2,ذكر,"['1', '1']","['04:00-05:05', '05:15-06:20']",3,1444-11-17,04:00 م - 06:00 م,['لم يحدد من الكلية']
108 سلم,قضايا معاصرة,46928,محاضرة,2,ذكر,"['3', '3']","['04:00-05:05', '05:15-06:20']",3,1444-11-17,04:00 م - 06:00 م,['لم يحدد من الكلية']
108 سلم,قضايا معاصرة,54423,محاضرة,2,ذكر,"['3', '3']","['08:00-09:05', '09:15-10:20']",3,1444-11-17,04:00 م - 06:00 م,['لم يحدد من الكلية']
108 سلم,قضايا معاصرة,57148,محاضرة,2,ذكر,"['5', '5']","['01:30-02:35', '02:45-03:50']",3,1444-11-17,04:00 م - 06:00 م,['لم يحدد من الكلية']
108 سلم,قضايا معاصرة,58569,محاضرة,2,ذكر,"['2', '2']","['04:00-05:05', '05:15-06:20']",3,1444-11-17,04:00 م - 06:00 م,['لم يحدد من الكلية']
108 سلم,قضايا معاصرة,71224,محاضرة,2,ذكر,"['3', '3']","['05:15-06:20', '06:30-07:35']",3,1444-11-17,04:00 م - 06:00 م,['لم يحدد من الكلية']
102 سلم,الأسرة في الإسلام,42047,محاضرة,2,ذكر,"['1', '1']","['08:00-09:05', '09:15-10:20']",2,1444-11-16,04:00 م - 06:00 م,['لم يحدد من الكلية']
102 سلم,الأسرة في الإسلام,42050,محاضرة,2,ذكر,"['5', '5']","['01:30-02:35', '02:45-03:50']",2,1444-11-16,04:00 م - 06:00 م,['لم يحدد من الكلية']
102 سلم,الأسرة في الإسلام,42053,محاضرة,2,ذكر,"['2', '2']","['05:15-06:20', '06:30-07:35']",2,1444-11-16,04:00 م - 06:00 م,['لم يحدد من الكلية']
102 سلم,الأسرة في الإسلام,42054,محاضرة,2,ذكر,"['2', '2']","['10:30-11:35', '11:45-12:50']",2,1444-11-16,04:00 م - 06:00 م,['لم يحدد من الكلية']
102 سلم,الأسرة في الإسلام,42055,محاضرة,2,ذكر,"['4', '4']","['01:30-02:35', '02:45-03:50']",2,1444-11-16,04:00 م - 06:00 م,['لم يحدد من الكلية']
102 سلم,الأسرة في الإسلام,42059,محاضرة,2,ذكر,"['2', '2']","['01:30-02:35', '02:45-03:50']",2,1444-11-16,04:00 م - 06:00 م,['لم يحدد من الكلية']
102 سلم,الأسرة في الإسلام,42061,محاضرة,2,ذكر,"['2', '2']","['04:00-05:05', '05:15-06:20']",2,1444-11-16,04:00 م - 06:00 م,['لم يحدد من الكلية']
102 سلم,الأسرة في الإسلام,42062,محاضرة,2,ذكر,"['4', '4']","['01:30-02:35', '02:45-03:50']",2,1444-11-16,04:00 م - 06:00 م,['لم يحدد من الكلية']
102 سلم,الأسرة في الإسلام,42063,محاضرة,2,ذكر,"['2', '2']","['01:30-02:35', '02:45-03:50']",2,1444-11-16,04:00 م - 06:00 م,['لم يحدد من الكلية']
102 سلم,الأسرة في الإسلام,42064,محاضرة,2,ذكر,"['2', '2']","['10:30-11:35', '11:45-12:50']",2,1444-11-16,04:00 م - 06:00 م,['لم يحدد من الكلية']
102 سلم,الأسرة في الإسلام,42069,محاضرة,2,ذكر,"['2', '2']","['01:30-02:35', '02:45-03:50']",2,1444-11-16,04:00 م - 06:00 م,['لم يحدد من الكلية']
102 سلم,الأسرة في الإسلام,42074,محاضرة,2,ذكر,"['2', '2']","['10:30-11:35', '11:45-12:50']",2,1444-11-16,04:00 م - 06:00 م,['لم يحدد من الكلية']
102 سلم,الأسرة في الإسلام,42077,محاضرة,2,ذكر,"['3', '3']","['05:15-06:20', '06:30-07:35']",2,1444-11-16,04:00 م - 06:00 م,['لم يحدد من الكلية']
102 سلم,الأسرة في الإسلام,42079,محاضرة,2,ذكر,"['2', '2']","['01:30-02:35', '02:45-03:50']",2,1444-11-16,04:00 م - 06:00 م,['لم يحدد من الكلية']
102 سلم,الأسرة في الإسلام,42083,محاضرة,2,ذكر,"['4', '4']","['10:30-11:35', '11:45-12:50']",2,1444-11-16,04:00 م - 06:00 م,['لم يحدد من الكلية']
102 سلم,الأسرة في الإسلام,42090,محاضرة,2,ذكر,"['4', '4']","['05:15-06:20', '06:30-07:35']",2,1444-11-16,04:00 م - 06:00 م,['لم يحدد من الكلية']
102 سلم,الأسرة في الإسلام,42095,محاضرة,2,ذكر,"['5', '5']","['08:00-09:05', '09:15-10:20']",2,1444-11-16,04:00 م - 06:00 م,['لم يحدد من الكلية']
102 سلم,الأسرة في الإسلام,42096,محاضرة,2,ذكر,"['5', '5']","['10:30-11:35', '11:45-12:50']",2,1444-11-16,04:00 م - 06:00 م,['لم يحدد من الكلية']
102 سلم,الأسرة في الإسلام,42105,محاضرة,2,ذكر,"['4', '4']","['08:00-09:05', '09:15-10:20']",2,1444-11-16,04:00 م - 06:00 م,['لم يحدد من الكلية']
102 سلم,الأسرة في الإسلام,42107,محاضرة,2,ذكر,"['2', '2']","['10:30-11:35', '11:45-12:50']",2,1444-11-16,04:00 م - 06:00 م,['لم يحدد من الكلية']
102 سلم,الأسرة في الإسلام,42110,محاضرة,2,ذكر,"['3', '3']","['01:30-02:35', '02:45-03:50']",2,1444-11-16,04:00 م - 06:00 م,['لم يحدد من الكلية']
102 سلم,الأسرة في الإسلام,42281,محاضرة,2,ذكر,"['2', '2']","['08:00-09:05', '09:15-10:20']",2,1444-11-16,04:00 م - 06:00 م,['لم يحدد من الكلية']
102 سلم,الأسرة في الإسلام,42282,محاضرة,2,ذكر,"['2', '2']","['10:30-11:35', '11:45-12:50']",2,1444-11-16,04:00 م - 06:00 م,['لم يحدد من الكلية']
102 سلم,الأسرة في الإسلام,46677,محاضرة,2,ذكر,"['1', '1']","['10:30-11:35', '11:45-12:50']",2,1444-11-16,04:00 م - 06:00 م,['لم يحدد من الكلية']
102 سلم,الأسرة في الإسلام,46760,محاضرة,2,ذكر,"['4', '4']","['01:30-02:35', '02:45-03:50']",2,1444-11-16,04:00 م - 06:00 م,['لم يحدد من الكلية']
102 سلم,الأسرة في الإسلام,46761,محاضرة,2,ذكر,"['2', '2']","['08:00-09:05', '09:15-10:20']",2,1444-11-16,04:00 م - 06:00 م,['لم يحدد من الكلية']
102 سلم,الأسرة في الإسلام,53884,محاضرة,2,ذكر,"['2', '2']","['10:30-11:35', '11:45-12:50']",2,1444-11-16,04:00 م - 06:00 م,['لم يحدد من الكلية']
102 سلم,الأسرة في الإسلام,54430,محاضرة,2,ذكر,"['1', '1']","['01:30-02:35', '02:45-03:50']",2,1444-11-16,04:00 م - 06:00 م,['لم يحدد من الكلية']
102 سلم,الأسرة في الإسلام,54489,محاضرة,2,ذكر,"['3', '3']","['01:30-02:35', '02:45-03:50']",2,1444-11-16,04:00 م - 06:00 م,['لم يحدد من الكلية']
102 سلم,الأسرة في الإسلام,56884,محاضرة,2,ذكر,"['3', '3']","['05:15-06:20', '06:30-07:35']",2,1444-11-16,04:00 م - 06:00 م,['لم يحدد من الكلية']
102 سلم,الأسرة في الإسلام,57111,محاضرة,2,ذكر,"['3', '3']","['08:00-09:05', '09:15-10:20']",2,1444-11-16,04:00 م - 06:00 م,['لم يحدد من الكلية']
102 سلم,الأسرة في الإسلام,57640,محاضرة,2,ذكر,"['1', '1']","['10:30-11:35', '11:45-12:50']",2,1444-11-16,04:00 م - 06:00 م,['لم يحدد من الكلية']
102 سلم,الأسرة في الإسلام,76978,محاضرة,2,ذكر,"['2', '2']","['08:00-09:05', '09:15-10:20']",2,1444-11-16,04:00 م - 06:00 م,['لم يحدد من الكلية']
102 سلم,الأسرة في الإسلام,76980,محاضرة,2,ذكر,"['1', '1']","['10:30-11:35', '11:45-12:50']",2,1444-11-16,04:00 م - 06:00 م,['لم يحدد من الكلية']
102 سلم,الأسرة في الإسلام,76981,محاضرة,2,ذكر,"['4', '4']","['01:30-02:35', '02:45-03:50']",2,1444-11-16,04:00 م - 06:00 م,['لم يحدد من الكلية']
102 سلم,الأسرة في الإسلام,76982,محاضرة,2,ذكر,"['2', '2']","['01:30-02:35', '02:45-03:50']",2,1444-11-16,04:00 م - 06:00 م,['لم يحدد من الكلية']
102 سلم,الأسرة في الإسلام,76984,محاضرة,2,ذكر,"['4', '4']","['01:30-02:35', '02:45-03:50']",2,1444-11-16,04:00 م - 06:00 م,['لم يحدد من الكلية']
102 سلم,الأسرة في الإسلام,76985,محاضرة,2,ذكر,"['2', '2']","['10:30-11:35', '11:45-12:50']",2,1444-11-16,04:00 م - 06:00 م,['لم يحدد من الكلية']
102 سلم,الأسرة في الإسلام,76986,محاضرة,2,ذكر,"['4', '4']","['08:00-09:05', '09:15-10:20']",2,1444-11-16,04:00 م - 06:00 م,['لم يحدد من الكلية']
102 سلم,الأسرة في الإسلام,76987,محاضرة,2,ذكر,"['2', '2']","['01:30-02:35', '02:45-03:50']",2,1444-11-16,04:00 م - 06:00 م,['لم يحدد من الكلية']
103 سلم,النظام الاقتصادي الإسلامي,42130,محاضرة,2,ذكر,"['5', '5']","['08:00-09:05', '09:15-10:20']",4,1444-11-18,04:00 م - 06:00 م,['لم يحدد من الكلية']
103 سلم,النظام الاقتصادي الإسلامي,42162,محاضرة,2,ذكر,"['1', '1']","['05:15-06:20', '06:30-07:35']",4,1444-11-18,04:00 م - 06:00 م,['لم يحدد من الكلية']
103 سلم,النظام الاقتصادي الإسلامي,42165,محاضرة,2,ذكر,"['4', '4']","['01:30-02:35', '02:45-03:50']",4,1444-11-18,04:00 م - 06:00 م,['لم يحدد من الكلية']
103 سلم,النظام الاقتصادي الإسلامي,42168,محاضرة,2,ذكر,"['2', '2']","['10:30-11:35', '11:45-12:50']",4,1444-11-18,04:00 م - 06:00 م,['لم يحدد من الكلية']
103 سلم,النظام الاقتصادي الإسلامي,42210,محاضرة,2,ذكر,"['3', '3']","['01:30-02:35', '02:45-03:50']",4,1444-11-18,04:00 م - 06:00 م,['لم يحدد من الكلية']
103 سلم,النظام الاقتصادي الإسلامي,42221,محاضرة,2,ذكر,"['3', '3']","['08:00-09:05', '09:15-10:20']",4,1444-11-18,04:00 م - 06:00 م,['لم يحدد من الكلية']
103 سلم,النظام الاقتصادي الإسلامي,42232,محاضرة,2,ذكر,"['2', '2']","['04:00-05:05', '05:15-06:20']",4,1444-11-18,04:00 م - 06:00 م,['لم يحدد من الكلية']
103 سلم,النظام الاقتصادي الإسلامي,42283,محاضرة,2,ذكر,"['3', '3']","['08:00-09:05', '09:15-10:20']",4,1444-11-18,04:00 م - 06:00 م,['لم يحدد من الكلية']
103 سلم,النظام الاقتصادي الإسلامي,42284,محاضرة,2,ذكر,"['3', '3']","['10:30-11:35', '11:45-12:50']",4,1444-11-18,04:00 م - 06:00 م,['لم يحدد من الكلية']
103 سلم,النظام الاقتصادي الإسلامي,42498,محاضرة,2,ذكر,"['1', '1']","['05:15-06:20', '06:30-07:35']",4,1444-11-18,04:00 م - 06:00 م,['لم يحدد من الكلية']
103 سلم,النظام الاقتصادي الإسلامي,45234,محاضرة,2,ذكر,"['4', '4']","['08:00-09:05', '09:15-10:20']",4,1444-11-18,04:00 م - 06:00 م,['لم يحدد من الكلية']
103 سلم,النظام الاقتصادي الإسلامي,46762,محاضرة,2,ذكر,"['4', '4']","['08:00-09:05', '09:15-10:20']",4,1444-11-18,04:00 م - 06:00 م,['لم يحدد من الكلية']
103 سلم,النظام الاقتصادي الإسلامي,46763,محاضرة,2,ذكر,"['3', '3']","['01:30-02:35', '02:45-03:50']",4,1444-11-18,04:00 م - 06:00 م,['لم يحدد من الكلية']
100 سلم,دراسات في السيرة النبوية,46675,محاضرة,2,ذكر,"['1', '1']","['08:00-09:05', '09:15-10:20']",3,1444-11-17,04:00 م - 06:00 م,['لم يحدد من الكلية']
100 سلم,دراسات في السيرة النبوية,46701,محاضرة,2,ذكر,"['5', '5']","['08:00-09:05', '09:15-10:20']",3,1444-11-17,04:00 م - 06:00 م,['لم يحدد من الكلية']
100 سلم,دراسات في السيرة النبوية,46757,محاضرة,2,ذكر,"['1', '1']","['08:00-09:05', '09:15-10:20']",3,1444-11-17,04:00 م - 06:00 م,['لم يحدد من الكلية']
100 سلم,دراسات في السيرة النبوية,49387,محاضرة,2,ذكر,"['3', '3']","['01:30-02:35', '02:45-03:50']",3,1444-11-17,04:00 م - 06:00 م,['لم يحدد من الكلية']
100 سلم,دراسات في السيرة النبوية,49388,محاضرة,2,ذكر,"['4', '4']","['04:00-05:05', '05:15-06:20']",3,1444-11-17,04:00 م - 06:00 م,['لم يحدد من الكلية']
100 سلم,دراسات في السيرة النبوية,54421,محاضرة,2,ذكر,"['2', '2']","['01:30-02:35', '02:45-03:50']",3,1444-11-17,04:00 م - 06:00 م,['لم يحدد من الكلية']
100 سلم,دراسات في السيرة النبوية,54428,محاضرة,2,ذكر,"['2', '2']","['10:30-11:35', '11:45-12:50']",3,1444-11-17,04:00 م - 06:00 م,['لم يحدد من الكلية']
100 سلم,دراسات في السيرة النبوية,55728,محاضرة,2,ذكر,"['4', '4']","['01:30-02:35', '02:45-03:50']",3,1444-11-17,04:00 م - 06:00 م,['لم يحدد من الكلية']
100 سلم,دراسات في السيرة النبوية,57142,محاضرة,2,ذكر,"['4', '4']","['01:30-02:35', '02:45-03:50']",3,1444-11-17,04:00 م - 06:00 م,['لم يحدد من الكلية']
100 سلم,دراسات في السيرة النبوية,58568,محاضرة,2,ذكر,"['2', '2']","['08:00-09:05', '09:15-10:20']",3,1444-11-17,04:00 م - 06:00 م,['لم يحدد من الكلية']
100 سلم,دراسات في السيرة النبوية,62663,محاضرة,2,ذكر,"['5', '5']","['08:00-09:05', '09:15-10:20']",3,1444-11-17,04:00 م - 06:00 م,['لم يحدد من الكلية']
100 سلم,دراسات في السيرة النبوية,77712,محاضرة,2,ذكر,"['1', '1']","['06:30-07:35', '07:45-08:50']",3,1444-11-17,04:00 م - 06:00 م,['لم يحدد من الكلية']
215 عال,"البرمجة الإجرائية بلغة ""C""",37633,محاضرة,3,ذكر,['24'],['08:00-09:05'],2,1444-11-23,01:00 م - 04:00 م,['خاجا محمد مصطفى']
215 عال,"البرمجة الإجرائية بلغة ""C""",37634,عملي,ذكر,مفتوحة,"['1', '1']","['10:30-11:35', '11:45-12:50']",---,---,---,['محمد ابراهيم صالح المعتاز']
215 عال,"البرمجة الإجرائية بلغة ""C""",57165,عملي,ذكر,مفتوحة,"['3', '3']","['09:15-10:20', '10:30-11:35']",---,---,---,['مروان محمد خلف الميمونى']
215 عال,"البرمجة الإجرائية بلغة ""C""",37635,محاضرة,3,ذكر,['24'],['10:30-11:35'],2,1444-11-23,01:00 م - 04:00 م,['احمد جعفر الفنوش الشبلي']
215 عال,"البرمجة الإجرائية بلغة ""C""",37636,عملي,ذكر,مفتوحة,"['2', '2']","['11:45-12:50', '01:30-02:35']",---,---,---,['مروان محمد خلف الميمونى']
215 عال,"البرمجة الإجرائية بلغة ""C""",57166,عملي,ذكر,مفتوحة,"['4', '4']","['11:45-12:50', '01:30-02:35']",---,---,---,['مروان محمد خلف الميمونى']
100 قرأ,القرآن الكريم,54487,محاضرة,2,ذكر,"['3', '3']","['08:00-09:05', '09:15-10:20']",---,---,---,['لم يحدد من الكلية']
100 قرأ,القرآن الكريم,55727,محاضرة,2,ذكر,"['2', '2']","['01:30-02:35', '02:45-03:50']",---,---,---,['عادل عبدالعزيز علي الجليفي']
100 قرأ,القرآن الكريم,68242,محاضرة,2,ذكر,"['3', '3']","['08:00-09:05', '09:15-10:20']",---,---,---,['عيسى ناصر على دريبى']
100 قرأ,القرآن الكريم,87469,محاضرة,2,ذكر,"['4', '4']","['08:00-09:05', '09:15-10:20']",---,---,---,['مساعد سليمان ناصر الطيار']
483 هاب,تطوير تطبيقات الجوال,81871,محاضرة,3,ذكر,['135'],['11:45-12:50'],1,1444-11-29,01:00 م - 03:00 م,['أشرف الطيب القزدار']
483 هاب,تطوير تطبيقات الجوال,81872,تمارين,ذكر,مفتوحة,['3'],['01:30-02:35'],---,---,---,['أشرف الطيب القزدار']
314 هاب,هندسة أمن البرمجيات,81777,محاضرة,3,ذكر,"['24', '2']","['04:00-05:05', '05:15-06:20']",4,1444-11-25,08:00 ص - 11:00 ص,['نور الدين عباديني']
314 هاب,هندسة أمن البرمجيات,81778,تمارين,ذكر,مفتوحة,['4'],['05:15-06:20'],---,---,---,['نور الدين عباديني']
486 هاب,الحوسبة السحابية والبيانات الضخمة,81873,محاضرة,3,ذكر,"['2', '24']","['08:00-09:05', '09:15-10:20']",4,1444-12-03,01:00 م - 04:00 م,['احمد محمد على غنيم']
486 هاب,الحوسبة السحابية والبيانات الضخمة,81874,تمارين,ذكر,مفتوحة,['4'],['08:00-09:05'],---,---,---,['احمد محمد على غنيم']
318 هال,النظم المضمنة,67393,محاضرة,4,ذكر,['135'],['11:45-12:50'],2,1444-11-23,01:00 م - 04:00 م,['عايض سعد عايض القحطانى']
318 هال,النظم المضمنة,67395,تمارين,ذكر,مفتوحة,['4'],['01:30-02:35'],---,---,---,['عايض سعد عايض القحطانى']
318 هال,النظم المضمنة,67396,عملي,ذكر,مفتوحة,"['4', '4']","['10:30-11:35', '11:45-12:50']",---,---,---,['سلمان علي صالح العيد']
318 هال,النظم المضمنة,67394,عملي,ذكر,مفتوحة,"['2', '2']","['10:30-11:35', '11:45-12:50']",---,---,---,['سلمان علي صالح العيد']
318 هال,النظم المضمنة,74002,محاضرة,4,ذكر,['135'],['10:30-11:35'],2,1444-11-23,01:00 م - 04:00 م,['عيسى احمد ناصر الغنيم']
318 هال,النظم المضمنة,74003,تمارين,ذكر,مفتوحة,['1'],['01:30-02:35'],---,---,---,['عيسى احمد ناصر الغنيم']
318 هال,النظم المضمنة,74004,عملي,ذكر,مفتوحة,"['2', '2']","['01:30-02:35', '02:45-03:50']",---,---,---,['سلمان علي صالح العيد']
318 هال,النظم المضمنة,74007,عملي,ذكر,مفتوحة,"['4', '4']","['01:30-02:35', '02:45-03:50']",---,---,---,['سلمان علي صالح العيد']
318 هال,النظم المضمنة,86286,محاضرة,4,ذكر,['135'],['09:15-10:20'],2,1444-11-23,01:00 م - 04:00 م,['لم يحدد من الكلية']
318 هال,النظم المضمنة,86287,عملي,ذكر,مفتوحة,"['2', '2']","['08:00-09:05', '09:15-10:20']",---,---,---,['لم يحدد من الكلية']
318 هال,النظم المضمنة,86288,تمارين,ذكر,مفتوحة,['5'],['04:00-05:05'],---,---,---,['لم يحدد من الكلية']
318 هال,النظم المضمنة,86289,عملي,ذكر,مغلقة,"['4', '4']","['08:00-09:05', '09:15-10:20']",---,---,---,['لم يحدد من الكلية']
